project_number,project_id,utility,state,project_name,project_type,location_role,target_location,expected_voltages,seed_latitude,seed_longitude,seed_display_name,matched_name,matched_operator,matched_voltage,latitude,longitude,osm_id,osm_type,distance_from_seed_miles,match_score,confidence,source,reasons
1,6807 B,Dominion Energy South Carolina,South Carolina,Queensboro - Ft Johnson 115 kV & Queensboro-Bayfront 115kV (Queensboro-James Island Sect),MULTI_LINE,location_2,Ft Johnson,115000,32.7488943,-79.901444,"Marine Resources Center, Fort Johnson Estates, Charleston, Charleston County, South Carolina, 29412, United States",Stono Park Substation,Dominion Energy South Carolina,115000,32.7863051,-80.0243066,490789515,way,7.59,4.0,LOW,OpenStreetMap / Overpass,Operator matches Dominion Energy South Carolina; 1 expected voltage match(es); Within 8 miles of seed location
1,6807 B,Dominion Energy South Carolina,South Carolina,Queensboro - Ft Johnson 115 kV & Queensboro-Bayfront 115kV (Queensboro-James Island Sect),MULTI_LINE,location_3,Bayfront,115000,32.742122,-79.9634237,"Bayfront, James Island, Charleston County, South Carolina, 29412, United States",Savage Substation,Dominion Energy,115000,32.8023416,-80.0391631,490789511,way,6.06,4.0,LOW,OpenStreetMap / Overpass,Operator matches Dominion Energy South Carolina; 1 expected voltage match(es); Within 8 miles of seed location
1,6807 B,Dominion Energy South Carolina,South Carolina,Queensboro - Ft Johnson 115 kV & Queensboro-Bayfront 115kV (Queensboro-James Island Sect),MULTI_LINE,location_4,James Island,115000,32.7343458,-79.9688451,"James Island, Charleston County, South Carolina, 29412, United States",Savage Substation,Dominion Energy,115000,32.8023416,-80.0391631,490789511,way,6.23,4.0,LOW,OpenStreetMap / Overpass,Operator matches Dominion Energy South Carolina; 1 expected voltage match(es); Within 8 miles of seed location
2,0167C-D,Dominion Energy South Carolina,South Carolina,Union Pier 115-13.8 kV Sub: Tap,SUBSTATION,location_1,Union Pier,115000;13800,32.784336,-79.9255881,"Union Pier Terminal, 32, Ansonborough, Charleston, Charleston County, South Carolina, 29401, United States",Unnamed,Dominion Energy South Carolina,115000,32.7908754,-79.9292439,263443279,way,0.5,5.0,MEDIUM,OpenStreetMap / Overpass,Operator matches Dominion Energy South Carolina; 1 expected voltage match(es); Within 2 miles of seed location
5,6808 J,Dominion Energy South Carolina,South Carolina,Eastover - Square D 115kV: Rebuild,LINE,location_1,Eastover,115000,33.8771147,-80.6922594,"Eastover, Richland County, South Carolina, United States",Unnamed,Unknown,115000,33.9006537,-80.6446542,478709848,way,3.18,2.0,LOW,OpenStreetMap / Overpass,1 expected voltage match(es); Within 8 miles of seed location
5,6808 J,Dominion Energy South Carolina,South Carolina,Eastover - Square D 115kV: Rebuild,LINE,location_2,Square D,115000,,,,,,,,,,,,0,LOW,No match,Nominatim could not find general location
7,6808 L,Dominion Energy South Carolina,South Carolina,Burton-St Helena 115kV: Frogmore Distribution - St Helena,LINE,location_2,St Helena,115000,32.3868607,-80.5606622,"Saint Helena Island, Beaufort County, South Carolina, 29920, United States",Frogmore Substation,South Carolina Electric & Gas,115000;23000,32.3991323,-80.5711266,1064802545,way,1.04,5.0,MEDIUM,OpenStreetMap / Overpass,Operator matches Dominion Energy South Carolina; 1 expected voltage match(es); Within 2 miles of seed location
8,"6808 N,O",Dominion Energy South Carolina,South Carolina,VCS1-Denny Terrace 230kV & VCS1-Pineland 230kV: Rebuild Single Circuit Sections,MULTI_LINE,location_1,VCS1,230000,,,,,,,,,,,,0,LOW,No match,Nominatim could not find general location
8,"6808 N,O",Dominion Energy South Carolina,South Carolina,VCS1-Denny Terrace 230kV & VCS1-Pineland 230kV: Rebuild Single Circuit Sections,MULTI_LINE,location_3,Pineland,230000,,,,,,,,,,,,,LOW,Manual override,"DESC PDF, 6808 N,O: VCS1 - Pineland is a 230kV line from V.C. Summer; Nominatim finds Pineland in Jasper County, whose Pineland Substation is tagged 69 kV. No other substation named Pineland is in the cached OSM tiles"
9,6808 R,Dominion Energy South Carolina,South Carolina,Wateree-Killian 230kV: Rebuild,LINE,location_2,Killian,230000,,,,,,,,,,,,,LOW,Manual override,"DESC PDF, 6808 R and 6853 B-F: Wateree - Killian 230kV, and new lines at the VCS1 and Killian terminals; Nominatim finds Killian in Jasper County, and the search picked Estill Substation. No substation named Killian is in the cached OSM tiles"
11,6808 U,Dominion Energy South Carolina,South Carolina,Hopkins-CIP 230kV: Rebuild,LINE,location_1,Hopkins,230000,33.9043212,-80.8770342,"Hopkins, Richland County, South Carolina, 29061, United States",Denny Terrace Substation,South Carolina Electric & Gas Company,230000,34.0576091,-81.061561,185130609,way,14.96,3.5,LOW,OpenStreetMap / Overpass,Operator matches Dominion Energy South Carolina; 1 expected voltage match(es); Within 15 miles of seed location
11,6808 U,Dominion Energy South Carolina,South Carolina,Hopkins-CIP 230kV: Rebuild,LINE,location_2,CIP,230000,,,,,,,,,,,,0,LOW,No match,Nominatim could not find general location
12,6808 V,Dominion Energy South Carolina,South Carolina,Faber Place-Bayfront 115kV: Rebuild North Bridge Terrace to Bayfront Section,MULTI_LINE,location_2,North Bridge Terrace,115000,,,,,,,,,,,,0,LOW,No match,Nominatim could not find general location
12,6808 V,Dominion Energy South Carolina,South Carolina,Faber Place-Bayfront 115kV: Rebuild North Bridge Terrace to Bayfront Section,MULTI_LINE,location_3,Bayfront,115000,32.742122,-79.9634237,"Bayfront, James Island, Charleston County, South Carolina, 29412, United States",Savage Substation,Dominion Energy,115000,32.8023416,-80.0391631,490789511,way,6.06,4.0,LOW,OpenStreetMap / Overpass,Operator matches Dominion Energy South Carolina; 1 expected voltage match(es); Within 8 miles of seed location
13,6808 W,Dominion Energy South Carolina,South Carolina,Square D - Hopkins 115kV: Rebuild,LINE,location_1,Square D,115000,,,,,,,,,,,,0,LOW,No match,Nominatim could not find general location
13,6808 W,Dominion Energy South Carolina,South Carolina,Square D - Hopkins 115kV: Rebuild,LINE,location_2,Hopkins,115000,33.9043212,-80.8770342,"Hopkins, Richland County, South Carolina, 29061, United States",Unnamed,Dominion Energy South Carolina,115000,33.9880815,-81.0379485,510854973,way,10.89,3.5,LOW,OpenStreetMap / Overpass,Operator matches Dominion Energy South Carolina; 1 expected voltage match(es); Within 15 miles of seed location
14,6809 E,Dominion Energy South Carolina,South Carolina,Stevens Creek - Hooks 115kV/LR Plumb Branch 46kV Rebuilds,MULTI_LINE,location_1,Stevens Creek,115000;46000,33.7410515,-82.1646667,"Stevens Creek, Edgefield County, South Carolina, United States",Stevens Creek Dam Substation,Unknown,115000,33.5616178,-82.0532936,52102616,way,13.95,6.5,MEDIUM,OpenStreetMap / Overpass,Strong partial name match; 1 expected voltage match(es); Within 15 miles of seed location
14,6809 E,Dominion Energy South Carolina,South Carolina,Stevens Creek - Hooks 115kV/LR Plumb Branch 46kV Rebuilds,MULTI_LINE,location_2,Hooks,115000;46000,,,,,,,,,,,,,LOW,Manual override,"DESC PDF, 6810 A: Hooks is about 2.3 miles of line from Thurmond; Nominatim finds Hooks Pond in Horry County, 180 mi from Thurmond Substation, and no OSM substation is named Hooks"
14,6809 E,Dominion Energy South Carolina,South Carolina,Stevens Creek - Hooks 115kV/LR Plumb Branch 46kV Rebuilds,MULTI_LINE,location_3,Plumb Branch,115000;46000,,,,,,,,,,,,0,LOW,No match,Nominatim could not find general location
15,6809 G,Dominion Energy South Carolina,South Carolina,Stevens Creek - Hooks 115kV/LR Plumb Branch 46kV,MULTI_LINE,location_1,Stevens Creek,115000;46000,33.7410515,-82.1646667,"Stevens Creek, Edgefield County, South Carolina, United States",Stevens Creek Dam Substation,Unknown,115000,33.5616178,-82.0532936,52102616,way,13.95,6.5,MEDIUM,OpenStreetMap / Overpass,Strong partial name match; 1 expected voltage match(es); Within 15 miles of seed location
15,6809 G,Dominion Energy South Carolina,South Carolina,Stevens Creek - Hooks 115kV/LR Plumb Branch 46kV,MULTI_LINE,location_2,Hooks,115000;46000,,,,,,,,,,,,,LOW,Manual override,"DESC PDF, 6810 A: Hooks is about 2.3 miles of line from Thurmond; Nominatim finds Hooks Pond in Horry County, 180 mi from Thurmond Substation, and no OSM substation is named Hooks"
15,6809 G,Dominion Energy South Carolina,South Carolina,Stevens Creek - Hooks 115kV/LR Plumb Branch 46kV,MULTI_LINE,location_3,Plumb Branch,115000;46000,,,,,,,,,,,,0,LOW,No match,Nominatim could not find general location
16,6805 G,Dominion Energy South Carolina,South Carolina,"Edenwood Sub: #1 & #2 230-115kV Autobanks, Replace with 336MVA",SUBSTATION,location_1,Edenwood,230000;115000,33.953765,-81.0598155,"Edenwood, Cayce, Lexington County, South Carolina, 29033, United States",Unnamed,Dominion Energy South Carolina,115000,33.9880815,-81.0379485,510854973,way,2.68,4.0,LOW,OpenStreetMap / Overpass,Operator matches Dominion Energy South Carolina; 1 expected voltage match(es); Within 8 miles of seed location
17,"1060A, I, L",Dominion Energy South Carolina,South Carolina,"Williams St Sub: Replace Sw House & Relays, AM Williams Sub: Replace Sw House, and McMeekin Sub: Add Sw House",MULTI_SITE,location_1,Williams Street,,34.0011212,-81.0483088,"Williams Street, The Vista, Columbia, Richland County, South Carolina, 29201, United States",Unnamed,Dominion Energy South Carolina,115000,33.9880815,-81.0379485,510854973,way,1.08,4.0,LOW,OpenStreetMap / Overpass,Operator matches Dominion Energy South Carolina; Within 2 miles of seed location
17,"1060A, I, L",Dominion Energy South Carolina,South Carolina,"Williams St Sub: Replace Sw House & Relays, AM Williams Sub: Replace Sw House, and McMeekin Sub: Add Sw House",MULTI_SITE,location_2,AM Williams,,33.0346074,-80.8426004,"Williams, Colleton County, South Carolina, 29493, United States",Canadys Substation,South Carolina Electric & Gas Company,230000;115000,33.0640963,-80.6205999,185032900,way,13.02,2.5,LOW,OpenStreetMap / Overpass,Operator matches Dominion Energy South Carolina; Within 15 miles of seed location
17,"1060A, I, L",Dominion Energy South Carolina,South Carolina,"Williams St Sub: Replace Sw House & Relays, AM Williams Sub: Replace Sw House, and McMeekin Sub: Add Sw House",MULTI_SITE,location_3,McMeekin,,34.7406872,-79.7992774,"McMeekin Pond, Marlboro County, South Carolina, United States",Unnamed,Unknown,69000,34.7470682,-79.7817239,1083439744,way,1.09,2.0,LOW,OpenStreetMap / Overpass,Within 2 miles of seed location
18,06005 B,Dominion Energy South Carolina,South Carolina,Harleyville 115KV Transmission Tap - Construct (1.4 miles),LINE,location_1,Blue Circle,115000,34.1804013,-79.8957238,"Blue Heron Circle, Heritage, Florence County, South Carolina, 29501, United States",Unnamed,Unknown,115000,34.2817427,-79.8727645,159607201,way,7.12,2.0,LOW,OpenStreetMap / Overpass,1 expected voltage match(es); Within 8 miles of seed location
19,05004 P,Dominion Energy South Carolina,South Carolina,Summerville: Replace and Spare 230-115kV 336MVA Auto Bank,SUBSTATION,location_1,Summerville,230000;115000,33.0186699,-80.1762704,"Summerville, Dorchester County, South Carolina, United States",Summerville Wastewater Treatment Substation,Unknown,115000,32.9873703,-80.2208317,497970794,way,3.37,7.0,MEDIUM,OpenStreetMap / Overpass,Strong partial name match; 1 expected voltage match(es); Within 8 miles of seed location
20,06076A,Dominion Energy South Carolina,South Carolina,Canadys-Ritter 115KV-Rebld SPDC 230/115KV 1272 (Approx 18 Miles),LINE,location_2,Ritter,230000;115000,,,,,,,,,,,,,LOW,Manual override,"DESC PDF, 06076A: Canadys - Ritter is about 18 miles of line; The search picked Yemassee Substation, 29 mi from Canadys Substation, so it can't be Ritter. No substation named Ritter is in the cached OSM tiles"
21,6359,Dominion Energy South Carolina,South Carolina,Yemassee-Ritter 230kV #1 & #2: Construct SPDC with B-1272,LINE,location_2,Ritter,230000;115000,,,,,,,,,,,,,LOW,Manual override,"DESC PDF, 06076A: Canadys - Ritter is about 18 miles of line; The search picked Yemassee Substation, 29 mi from Canadys Substation, so it can't be Ritter. No substation named Ritter is in the cached OSM tiles"
22,"06367 A-C, H",Dominion Energy South Carolina,South Carolina,Riverport Tap: Construct Tap,LINE,location_2,Riverport,230000,,,,,,,,,,,,,LOW,Manual override,"DESC PDF, 06367 A-C, H: a new distribution substation fed by a new line from Okatie; Nominatim finds Riverport Drive in Conway, 155 mi from Okatie. The substation isn't in OSM"
24,06371 D,Dominion Energy South Carolina,South Carolina,Wagener 115kV Tap: Construct Tap,MULTI_LINE,location_2,Owens Corning,115000,,,,,,,,,,,,,LOW,Manual override,"DESC PDF, 06371 D: the Edmund Switching Station - Owens Corning 115 kV line, tapped for Wagener; Nominatim finds Owens Corning in Anderson County, whose substations are tagged 100 kV, 92 mi from Wagener Substation. No substation named Owens Corning near Edmund or Wagener is in the cached OSM tiles"
25,06372 A,Dominion Energy South Carolina,South Carolina,Church Creek - Ritter 230kV - Replace 38 Large Angles and Dead Ends,LINE,location_1,Church Creek,230000,32.7090728,-80.1358122,"Church Creek, Charleston, Charleston County, South Carolina, United States",Church Creek Substation,Unknown,230000;115000,32.8303196,-80.0702792,185330726,way,9.2,7.5,MEDIUM,OpenStreetMap / Overpass,Exact/normalized name match; 1 expected voltage match(es); Within 15 miles of seed location
25,06372 A,Dominion Energy South Carolina,South Carolina,Church Creek - Ritter 230kV - Replace 38 Large Angles and Dead Ends,LINE,location_2,Ritter,230000,,,,,,,,,,,,,LOW,Manual override,"DESC PDF, 06076A: Canadys - Ritter is about 18 miles of line; The search picked Yemassee Substation, 29 mi from Canadys Substation, so it can't be Ritter. No substation named Ritter is in the cached OSM tiles"
26,06810 F,Dominion Energy South Carolina,South Carolina,VCS2-Ward 230kV: Rebuild Line,LINE,location_1,VCS2,230000,,,,,,,,,,,,0,LOW,No match,Nominatim could not find general location
27,06810 G,Dominion Energy South Carolina,South Carolina,Goose Creek Reservoir: Rebuild Transmission Line Crossings,MULTI_LINE,location_1,Williams,230000;115000,33.0346074,-80.8426004,"Williams, Colleton County, South Carolina, 29493, United States",Canadys Substation,South Carolina Electric & Gas Company,230000;115000,33.0640963,-80.6205999,185032900,way,13.02,4.5,LOW,OpenStreetMap / Overpass,Operator matches Dominion Energy South Carolina; 2 expected voltage match(es); Within 15 miles of seed location
27,06810 G,Dominion Energy South Carolina,South Carolina,Goose Creek Reservoir: Rebuild Transmission Line Crossings,MULTI_LINE,location_2,Goose Creek,230000;115000,32.9961038,-80.0387292,"Goose Creek, Berkeley County, South Carolina, 29486, United States",Cainhoy Substation,Dominion Energy South Carolina,230000;115000;23900,32.941402,-79.8422757,229116275,way,12.0,4.5,LOW,OpenStreetMap / Overpass,Operator matches Dominion Energy South Carolina; 2 expected voltage match(es); Within 15 miles of seed location
28,06810 H,Dominion Energy South Carolina,South Carolina,Summerville 115kV Loop: Rebuild,LINE,location_1,Summerville,115000,33.0186699,-80.1762704,"Summerville, Dorchester County, South Carolina, United States",Summerville Wastewater Treatment Substation,Unknown,115000,32.9873703,-80.2208317,497970794,way,3.37,7.0,MEDIUM,OpenStreetMap / Overpass,Strong partial name match; 1 expected voltage match(es); Within 8 miles of seed location
29,6809 M,Dominion Energy South Carolina,South Carolina,St George - Sumter 230kV Tie: Rebuild Line from Santee Substation - Duke/Progress Energy Tie,MULTI_LINE,location_3,Santee,230000,33.4751634,-80.4864764,"Santee, Orangeburg County, South Carolina, United States",Unnamed,Unknown,230000;115000;46000,33.4628683,-80.4682058,185032971,way,1.35,3.0,LOW,OpenStreetMap / Overpass,1 expected voltage match(es); Within 2 miles of seed location
30,5392 A-C,Dominion Energy South Carolina,South Carolina,Coit - Gills Creek 115kV: Construct,LINE,location_1,Coit,115000,34.1944588,-79.7702083,"South Coit Street, Florence, Florence County, South Carolina, 29501, United States",Unnamed,Unknown,115000,34.2153323,-79.7720683,184554524,way,1.45,3.0,LOW,OpenStreetMap / Overpass,1 expected voltage match(es); Within 2 miles of seed location
30,5392 A-C,Dominion Energy South Carolina,South Carolina,Coit - Gills Creek 115kV: Construct,LINE,location_2,Gills Creek,115000,33.9162837,-80.9901211,"Gills Creek, Richland County, South Carolina, United States",Unnamed,Dominion Energy South Carolina,115000,33.9880815,-81.0379485,510854973,way,5.67,4.0,LOW,OpenStreetMap / Overpass,Operator matches Dominion Energy South Carolina; 1 expected voltage match(es); Within 8 miles of seed location
31,6810 A,Dominion Energy South Carolina,South Carolina,Hooks - Thurmond 115kV Tie: Rebuild,LINE,location_1,Hooks,115000,,,,,,,,,,,,,LOW,Manual override,"DESC PDF, 6810 A: Hooks is about 2.3 miles of line from Thurmond; Nominatim finds Hooks Pond in Horry County, 180 mi from Thurmond Substation, and no OSM substation is named Hooks"
31,6810 A,Dominion Energy South Carolina,South Carolina,Hooks - Thurmond 115kV Tie: Rebuild,LINE,location_2,Thurmond,115000,33.8005996,-82.2968718,"Clarks Hill Lake, McCormick County, South Carolina, United States",Thurmond Substation,Georgia Power,115000,33.6601273,-82.1959307,52102019,way,11.31,7.5,MEDIUM,OpenStreetMap / Overpass,Exact/normalized name match; 1 expected voltage match(es); Within 15 miles of seed location
33,6853 B-F,Dominion Energy South Carolina,South Carolina,Scout 230 kV Sub and Fold-in: Construct,BOTH,location_1,Scout,230000,,,,,,,,,,,,,LOW,Manual override,"DESC PDF, 6853 B-F: a new Scout customer substation on 230kV lines from VCS1 and Killian; Nominatim finds Scout Island near Port Royal, and the search picked Burton Substation. The new substation isn't in OSM"
33,6853 B-F,Dominion Energy South Carolina,South Carolina,Scout 230 kV Sub and Fold-in: Construct,BOTH,location_2,VCS1,230000,,,,,,,,,,,,0,LOW,No match,Nominatim could not find general location
33,6853 B-F,Dominion Energy South Carolina,South Carolina,Scout 230 kV Sub and Fold-in: Construct,BOTH,location_3,Killian,230000,,,,,,,,,,,,,LOW,Manual override,"DESC PDF, 6808 R and 6853 B-F: Wateree - Killian 230kV, and new lines at the VCS1 and Killian terminals; Nominatim finds Killian in Jasper County, and the search picked Estill Substation. No substation named Killian is in the cached OSM tiles"
34,6859,Dominion Energy South Carolina,South Carolina,Dawson 230kV Sub and Fold-in: Construct and Rebuild,BOTH,location_1,Dawson,230000,33.49865,-80.8447234,"Oliver C. Dawson Stadium, Buckley Street, Pecanway Terrace, Orangeburg, Orangeburg County, South Carolina, 29115, United States",Orangeburg East Substation,Unknown,230000;115000,33.5021982,-80.8064612,185577981,way,2.22,2.0,LOW,OpenStreetMap / Overpass,1 expected voltage match(es); Within 8 miles of seed location
34,6859,Dominion Energy South Carolina,South Carolina,Dawson 230kV Sub and Fold-in: Construct and Rebuild,BOTH,location_3,Church Creek,230000,32.7090728,-80.1358122,"Church Creek, Charleston, Charleston County, South Carolina, United States",Church Creek Substation,Unknown,230000;115000,32.8303196,-80.0702792,185330726,way,9.2,7.5,MEDIUM,OpenStreetMap / Overpass,Exact/normalized name match; 1 expected voltage match(es); Within 15 miles of seed location
36,6388 A,Dominion Energy South Carolina,South Carolina,Williams-Summerville 230kV: Upgrade to SPDC B1272 ACSR,MULTI_LINE,location_1,Ladson Junction,230000,,,,,,,,,,,,0,LOW,No match,Nominatim could not find general location
36,6388 A,Dominion Energy South Carolina,South Carolina,Williams-Summerville 230kV: Upgrade to SPDC B1272 ACSR,MULTI_LINE,location_2,Williams,230000,33.0346074,-80.8426004,"Williams, Colleton County, South Carolina, 29493, United States",Canadys Substation,South Carolina Electric & Gas Company,230000;115000,33.0640963,-80.6205999,185032900,way,13.02,3.5,LOW,OpenStreetMap / Overpass,Operator matches Dominion Energy South Carolina; 1 expected voltage match(es); Within 15 miles of seed location
36,6388 A,Dominion Energy South Carolina,South Carolina,Williams-Summerville 230kV: Upgrade to SPDC B1272 ACSR,MULTI_LINE,location_3,Summerville,230000,33.0186699,-80.1762704,"Summerville, Dorchester County, South Carolina, United States",Summerville Wastewater Treatment Substation,Unknown,115000,32.9873703,-80.2208317,497970794,way,3.37,6.0,MEDIUM,OpenStreetMap / Overpass,Strong partial name match; Within 8 miles of seed location
37,"0147 C, K",Dominion Energy South Carolina,South Carolina,Cainhoy 115 kV Tap: Construct,LINE,location_2,Clements Ferry,115000,32.9314544,-79.8493571,"Clements Ferry Road, Point Hope, Charleston, Berkeley County, South Carolina, 29492, United States",Cainhoy Substation,Dominion Energy South Carolina,230000;115000;23900,32.941402,-79.8422757,229116275,way,0.8,5.0,MEDIUM,OpenStreetMap / Overpass,Operator matches Dominion Energy South Carolina; 1 expected voltage match(es); Within 2 miles of seed location
38,"0147 B, J",Dominion Energy South Carolina,South Carolina,Jack Primus 115 kV Tap: Construct,LINE,location_2,Clements Ferry,115000,32.9314544,-79.8493571,"Clements Ferry Road, Point Hope, Charleston, Berkeley County, South Carolina, 29492, United States",Cainhoy Substation,Dominion Energy South Carolina,230000;115000;23900,32.941402,-79.8422757,229116275,way,0.8,5.0,MEDIUM,OpenStreetMap / Overpass,Operator matches Dominion Energy South Carolina; 1 expected voltage match(es); Within 2 miles of seed location
39,"6847 A-B, D-H",Dominion Energy South Carolina,South Carolina,Church Creek - Faber Place - Charleston Transmission: Add 230kV Line,MULTI_LINE,location_3,Charleston Transmission,230000;115000,32.9198265,-80.0286075,"Holt Transmission Service Plus Auto Repairs of North Charleston, Tipson Street, Atlantic on the Avenue, North Charleston, Charleston County, South Carolina, 29406, United States",Charleston East Side #216,Dominion Energy South Carolina,Unknown,32.7792022,-79.9261812,1363130971,way,11.39,7.5,MEDIUM,OpenStreetMap / Overpass,Strong partial name match; Operator matches Dominion Energy South Carolina; Within 15 miles of seed location
40,6846 A,Dominion Energy South Carolina,South Carolina,Eastover - Sumter 115kV DEP Tie: Rebuild with 1272 ACSR,LINE,location_1,Eastover,115000,33.8771147,-80.6922594,"Eastover, Richland County, South Carolina, United States",Unnamed,Unknown,115000,33.9006537,-80.6446542,478709848,way,3.18,2.0,LOW,OpenStreetMap / Overpass,1 expected voltage match(es); Within 8 miles of seed location
41,6810 U,Dominion Energy South Carolina,South Carolina,Cameron Jct - Elloree 46 kV Rebuild,LINE,location_1,Cameron Junction,46000,,,,,,,,,,,,0,LOW,No match,Nominatim could not find general location
42,6810 J,Dominion Energy South Carolina,South Carolina,Elloree - Santee City 46 kV: Rebuild,LINE,location_2,Santee City,46000,33.5918021,-79.0204265,"Santee Drive, Jasmine Lake, Garden City Beach, Horry County, South Carolina, 29576, United States",Unnamed,Unknown,115000,33.613473,-79.0195674,342148469,way,1.5,2.0,LOW,OpenStreetMap / Overpass,Within 2 miles of seed location
43,6810 O,Dominion Energy South Carolina,South Carolina,Urquhart - Aiken PSA 46 kV: Rebuild,LINE,location_2,Aiken PSA,46000,,,,,,,,,,,,0,LOW,No match,Nominatim could not find general location
44,6810 T,Dominion Energy South Carolina,South Carolina,Cameron Jct - Cameron - St Matthews 46 kV Rebuild,MULTI_LINE,location_1,Cameron Junction,46000,,,,,,,,,,,,0,LOW,No match,Nominatim could not find general location
44,6810 T,Dominion Energy South Carolina,South Carolina,Cameron Jct - Cameron - St Matthews 46 kV Rebuild,MULTI_LINE,location_3,St Matthews,46000,33.664876,-80.7778681,"St. Matthews, Calhoun County, South Carolina, 29135, United States",Unnamed,Unknown,46000,33.6673955,-80.7712474,1077428670,way,0.42,3.0,LOW,OpenStreetMap / Overpass,1 expected voltage match(es); Within 2 miles of seed location
