project_id,utility,sponsor,state,project_name,in_service_date,start_date,line_miles,miles_mentioned,description,cost_previous,cost_2024,cost_2025,cost_2026,cost_2027,cost_2028,cost_total
6807 B,Dominion Energy South Carolina,DESC,South Carolina,Queensboro - Ft Johnson 115 kV & Queensboro-Bayfront 115kV (Queensboro-James Island Sect),2023-12-31,,,,Replace the Queensboro - Ft Johnson 115 kV Line and structures as they have reached the end of life.,4604301,800000,0,0,0,0,5404301
0167C-D,Dominion Energy South Carolina,DESC,South Carolina,Union Pier 115-13.8 kV Sub: Tap,2027-12-31,2025-01-01,,,Installing a 115 kV Tap to feed the future Union Pier 115 kV Sub.,0,0,100000,100000,5100000,0,5300000
"0139 M,N",Dominion Energy South Carolina,DESC,South Carolina,"Okatie 230-115kV Substation, Jasper - Yemassee 230kV #1 Fold-in",2024-12-31,,,,"Expand existing Okatie Transmission sub, add a 230-115 autobank and fold the Jasper - Yemassee 230 kV #1 line into the 230 kV side. Construct two additional 115 kV bus tie lines.",2717933,6631000,1181000,0,0,0,11116933
6341 A-F,Dominion Energy South Carolina,DESC,South Carolina,Cainhoy - Hamlin 115kV: Rebuild Line and Cainhoy - Hamlin 115 kV #2: Construct New 115 kV Line,2025-12-01,,,,"Upgrade the 954 ACSR portion of the Cainhoy - Hamlin 115 kV line to B795 ACSR conductor, construct a new Cainhoy - Hamlin 115 kV #2 line, add terminals to Cainhoy and Hamlin sub to accommodate upgrades.",1189020,6601830,11800000,300000,0,0,19890850
6808 J,Dominion Energy South Carolina,DESC,South Carolina,Eastover - Square D 115kV: Rebuild,2024-06-01,,,,Replace wooden H-Frame structures with Self Supporting Steel Structures and restring with 1272 ACSR conductor.,9900000,1800000,0,0,0,0,11700000
6808 K,Dominion Energy South Carolina,DESC,South Carolina,Burton-St Helena 115kV: Rebuild Burton-Frogmore Transmission Section,2024-12-31,,,,Replace wooden structures with Self Supporting Steel Structures and restring with 1272 ACSR conductor for the Burton - Frogmore Transmission section.,4330000,4250000,0,0,0,0,8580000
6808 L,Dominion Energy South Carolina,DESC,South Carolina,Burton-St Helena 115kV: Frogmore Distribution - St Helena,2025-12-31,,,,Replace wooden structures with Self Supporting Steel Structures and upgrade to 795 ACSR for the Frogmore Distribution Tap - St. Helena section.,50000,50000,6825000,0,0,0,6925000
"6808 N,O",Dominion Energy South Carolina,DESC,South Carolina,VCS1-Denny Terrace 230kV & VCS1-Pineland 230kV: Rebuild Single Circuit Sections,2026-12-31,,,,Replace wooden H-Frame structures with Self Supporting Steel Structures and restring with standard 1272 ACSR conductor.,332096,80000,100000,4400000,0,0,4912096
6808 R,Dominion Energy South Carolina,DESC,South Carolina,Wateree-Killian 230kV: Rebuild,2028-12-31,,,,Replace wooden H-Frame structures with Self Supporting Steel Structures.,174719,0,100000,450000,25000000,22500000,48224719
6808 S,Dominion Energy South Carolina,DESC,South Carolina,Okatie-Bluffton 115kV: Rebuild,2025-06-01,,,,Replace wooden H-Frame structures with Self Supporting Steel Structures and upgrade conductor to standard 1272 ACSR.,6660000,26800000,7200000,0,0,0,40660000
6808 U,Dominion Energy South Carolina,DESC,South Carolina,Hopkins-CIP 230kV: Rebuild,2025-12-31,2024-01-01,,,Replace wooden H-Frame structures with Self Supporting Steel Structures.,0,1000000,1600000,0,0,0,2600000
6808 V,Dominion Energy South Carolina,DESC,South Carolina,Faber Place-Bayfront 115kV: Rebuild North Bridge Terrace to Bayfront Section,2028-12-31,2026-01-01,,,Replace wooden structures with Self Supporting Steel Structures and upgrade conductor to standard 1272 ACSR.,0,0,0,200000,5000000,5000000,10200000
6808 W,Dominion Energy South Carolina,DESC,South Carolina,Square D - Hopkins 115kV: Rebuild,2024-09-30,,,,Replace wooden H-Frame structures with Self Supporting Steel Structures and restring with 1272 ACSR conductor.,1300000,3000000,0,0,0,0,4300000
6809 E,Dominion Energy South Carolina,DESC,South Carolina,Stevens Creek - Hooks 115kV/LR Plumb Branch 46kV Rebuilds,2024-12-31,,9.5,9.5,9.5 miles. Scope includes rebuilding the 115 and 46 kV lines in this corridor SPDC.,8195543,3550000,0,0,0,0,11745543
6809 G,Dominion Energy South Carolina,DESC,South Carolina,Stevens Creek - Hooks 115kV/LR Plumb Branch 46kV,2025-12-31,2024-01-01,6.5,6.5,Upgrade 6.5 miles of aging conductor with 1272 ACSR and rebuild with SPDC.,0,50000,200000,7550000,0,0,7800000
6805 G,Dominion Energy South Carolina,DESC,South Carolina,"Edenwood Sub: #1 & #2 230-115kV Autobanks, Replace with 336MVA",2024-12-25,,,,Replace Autobank 1 and 2 at Edenwood Substation.,3300432,7533030,0,0,0,0,10833462
"1060A, I, L",Dominion Energy South Carolina,DESC,South Carolina,"Williams St Sub: Replace Sw House & Relays, AM Williams Sub: Replace Sw House, and McMeekin Sub: Add Sw House",2028-12-31,,,,"Replace switch house, switch house equipment, and relay panels at Williams Street substation. Replace the switch house at AM Williams substation. Add Switching House at McMeekin Substation to move relays from plant relay room.",709124,1689800,1200000,2300000,1400000,2600000,9898924
06005 B,Dominion Energy South Carolina,DESC,South Carolina,Harleyville 115KV Transmission Tap - Construct (1.4 miles),2027-03-31,2025-01-01,1.4,1.4,Extend the 115 kV line from the Blue Circle tap to the Harleyville substation to provide 115 kV service.,0,0,250000,1500000,1000000,0,2750000
05004 P,Dominion Energy South Carolina,DESC,South Carolina,Summerville: Replace and Spare 230-115kV 336MVA Auto Bank,2024-12-31,,,,"Purchase a spare 230/115kV, 336MVA Autobank for the Southern Region to be stored at Summerville 230kV Sub. Include a pad, AC for heaters, and possibly a pit for oil containment.",782052,3200000,0,0,0,0,3982052
06076A,Dominion Energy South Carolina,DESC,South Carolina,Canadys-Ritter 115KV-Rebld SPDC 230/115KV 1272 (Approx 18 Miles),2026-06-01,,18.0,18,Rebuild Canadys-Ritter 115 kV line as SPDC with 230 kV on one side and 115 kV on the other side.,100000,400000,19500000,20000000,0,0,40000000
6359,Dominion Energy South Carolina,DESC,South Carolina,Yemassee- Ritter 230kV #1 & #2: Construct SPDC with B-1272,2026-06-01,,,,Construct Ritter - Yemassee 230kV #1 and #2 SPDC with B1272 ACSR on both sides. Convert the existing Ritter - Yemassee 230 kV to 115 kV operation. Convert and add terminals at Ritter and Yemassee. Add 230 kV bus tie at Ritter and upgrade the Yemassee 230 kV bus tie.,100000,1300000,18700000,20511419,0,0,40611419
"06367 A-C, H",Dominion Energy South Carolina,DESC,South Carolina,Riverport Tap: Construct Tap,2025-12-31,,,,Construct Okatie - Riverport 230 kV to feed new Distribution substation.,4337401,1900181,11489845,50000,0,0,34877427
06367 D-G,Dominion Energy South Carolina,DESC,South Carolina,Jasper - Okatie 230 kV #2: Construct,2025-12-31,,6.5,6.5,Construct a 230 kV line with B1272 ACSR from Jasper to Okatie 230/115kV Substation. The line is estimated to be 6.5 miles long. This makes Jasper a Medium Impact substation and will require a new CIP Hut.,9591713,5087710,9108000,0,0,0,23787423
06371 D,Dominion Energy South Carolina,DESC,South Carolina,Wagener 115kV Tap: Construct Tap,2025-12-31,,,,Constructing a 115 kV Tap off the Edmund Switching Station- Owens Corning 115 kV Line to feed new Wagener Distribution substation.,5000,2800000,3200000,0,0,0,6005000
06372 A,Dominion Energy South Carolina,DESC,South Carolina,Church Creek - Ritter 230kV - Replace 38 Large Angles and Dead Ends,2024-06-01,,6.5,6.5,Replace 6.5 miles of aging conductor.,3850000,7000000,0,0,0,0,10850000
06810 F,Dominion Energy South Carolina,DESC,South Carolina,VCS2-Ward 230kV: Rebuild Line,2029-12-31,2026-01-01,40.0,40,Rebuild 40 miles of 230 kV line.,0,0,0,500000,9500000,10000000,30000000
06810 G,Dominion Energy South Carolina,DESC,South Carolina,Goose Creek Reservoir: Rebuild Transmission Line Crossings,2024-12-31,,,,Rebuilding the Williams Goose Creek 230 and 115 kV lines and the Williams - Faber Place 230 kV line across the Goose Creek Reservoir.,255669,9400000,0,0,0,0,9655669
06810 H,Dominion Energy South Carolina,DESC,South Carolina,Summerville 115kV Loop: Rebuild,2024-12-31,,,,Replacing several wood pole sections on the Summerville 115 kV Loop that have reached the end of life.,2475000,6000000,4000000,0,0,0,12475000
6809 M,Dominion Energy South Carolina,DESC,South Carolina,St George - Sumter 230kV Tie: Rebuild Line from Santee Substation - Duke/Progress Energy Tie,2025-12-31,2024-01-01,,,Rebuild Line from Santee Substation - Duke/Progress Energy Tie.,0,300000,3700000,0,0,0,4000000
5392 A-C,Dominion Energy South Carolina,DESC,South Carolina,Coit - Gills Creek 115kV: Construct,2024-12-31,,1.25,1.25,Convert the existing Coit - Gills Creek 33 kV Line to 115 kV. Approximately 1.25 miles. Construct Gills Creek Terminal at Coit Bus #1.,330954,2178648,0,0,0,0,2509602
6810 A,Dominion Energy South Carolina,DESC,South Carolina,Hooks - Thurmond 115kV Tie: Rebuild,2024-12-31,,2.3,2.3,"Rebuilding section of line between Hooks and Thurmond. Approximately 2.3 miles. The line will be rebuilt on existing R/W using steel poles, 115 kV insulation, and 1272 ACSR conductor.",50080,2150000,0,0,0,0,2200080
6809 N,Dominion Energy South Carolina,DESC,South Carolina,Batesburg - Saluda County 115kV: Rebuild,2025-12-31,,13.5,13.5,Rebuild 13.5 miles of conductor.,50000,200000,8500000,0,0,0,8750000
6853 B-F,Dominion Energy South Carolina,DESC,South Carolina,Scout 230 kV Sub and Fold-in: Construct,2026-03-31,,,,Construct 230kV Transmission Line for Scout Customer Substation and modify VCS1 and Killian terminals.,65000,360000,22975000,285000,0,0,23685000
6859,Dominion Energy South Carolina,DESC,South Carolina,Dawson 230kV Sub and Fold-in: Construct and Rebuild,2026-10-01,,,,Construct Dawson 230kV substation. Fold in the existing Canadys - Church Creek and Canadys - Faber Place 230kV lines at the Dawson 230kV substation (phase 1). Rebuild Canadys - Dawson 230kV #1 and #2 with B1272 ACSR (phase 2).,284366,8014000,45475000,39764841,0,0,93538207
6852,Dominion Energy South Carolina,DESC,South Carolina,Urquhart - Toolebeck 115kV line: Rebuild,2026-08-12,,12.5,12.5,Upgrade the 477 ACSR portions of the Urquhart - Toolebeck 115 kV line to 1272 ACSR. Replace existing structures with Single Pole Double Circuit Structures. Approximately 12.5 miles.,100000,100000,8660000,8660000,0,0,17520000
6388 A,Dominion Energy South Carolina,DESC,South Carolina,Williams-Summerville 230kV: Upgrade to SPDC B1272 ACSR,2027-05-01,2024-01-01,10.0,10,Rebuild the section of the Williams - Summerville 230 kV line from Ladson Jct to Williams. Line to upgraded to B-1272 and designed for a future second circuit. Approximately 10 miles.,0,50000,250000,9000000,10000000,0,19300000
"0147 C, K",Dominion Energy South Carolina,DESC,South Carolina,Cainhoy 115 kV Tap: Construct,2027-12-31,2024-01-01,2.8,2.8,Construct a 115 kV tap from Cainhoy to Clements Ferry. Approximately 2.8 miles. Construct terminal at Cainhoy.,0,50000,900000,10250000,10650000,0,21850000
"0147 B, J",Dominion Energy South Carolina,DESC,South Carolina,Jack Primus 115 kV Tap: Construct,2027-12-31,2024-01-01,2.2,2.2,Construct a 115 kV tap from Jack Primus to Clements Ferry. Approximately 2.2 miles. Construct terminals at Jack Primus.,0,50000,550000,8500000,8900000,0,18000000
"6847 A-B, D-H",Dominion Energy South Carolina,DESC,South Carolina,Church Creek - Faber Place - Charleston Transmission: Add 230kV Line,2027-05-01,,,,"Construct a 230 kV transmission line from Church Creek to Charleston Transmission. The Church Creek - Faber Place 230kV and 115kV lines will be rebuilt, and a 230kV line will be added between Faber Place and Charleston Transmission. Add 230/115kV transformer at Charleston Transmission. Add/upgrade terminals and bus work at impacted substations.",1772338,975000,4250000,21063338,6114006,0,34174682
6846 A,Dominion Energy South Carolina,DESC,South Carolina,Eastover - Sumter 115kV DEP Tie: Rebuild with 1272 ACSR,2026-05-31,2024-01-01,1.0,1,Upgrade the DESC section (approx. 1 mile) of the tie line from 397.5 ACSR Ibis to 1272 ACSR.,0,75000,175000,850000,0,0,1100000
6810 U,Dominion Energy South Carolina,DESC,South Carolina,Cameron Jct - Elloree 46 kV Rebuild,2026-12-31,2025-01-01,7.3,7.3,Rebuilding the Cameron Jct - Elloree 46 kV Line. 7.3 miles.,0,0,200000,4300000,0,0,4500000
6810 J,Dominion Energy South Carolina,DESC,South Carolina,Elloree - Santee City 46 kV: Rebuild,2027-12-31,2027-01-01,7.0,7,Rebuilding the 46 kV line between Elloree and Santee City. 7 miles.,0,0,0,0,4500000,0,4500000
6810 O,Dominion Energy South Carolina,DESC,South Carolina,Urquhart - Aiken PSA 46 kV: Rebuild,2027-12-31,2027-01-01,4.5,4.5,Rebuilding the section of 46 kV line from Urquhart to the Aiken PSA tap point. TBD if the scope of this project includes rebuilding the actual tap Aiken PSA. 4.5 miles.,0,0,0,0,3000000,0,3000000
6810 T,Dominion Energy South Carolina,DESC,South Carolina,Cameron Jct - Cameron - St Matthews 46 kV Rebuild,2028-12-31,2028-01-01,9.8,9.8,Rebuilding the 46 kV line between Cameron Jct and St Matthews. 9.8 miles.,0,0,0,0,0,5900000,5900000
