project_number,project_id,utility,state,project_name,project_type,expected_voltages,total_locations,located_locations,overall_confidence,centroid_latitude,centroid_longitude,location_coordinates
1,19523,Georgia Power,Georgia,SAV: CC - HYUNDAI MOTORS SAVANNAH AKA. PROJECT EA,SUBSTATION,230000;115000,1,1,HIGH,32.1666218,-81.4609318,"HYUNDAI MOTORS SAVANNAH: 32.1666218,-81.4609318 (HIGH)"
2,18670,Georgia Transmission Corporation,Georgia,GTC: BANKS CROSSING - POND FORK 115 KV,LINE,115000,2,2,LOW,34.216722399999995,-83.62069425,"BANKS CROSSING: 34.1704228,-83.4317157 (LOW) | POND FORK: 34.263022,-83.8096728 (LOW)"
3,18492,Georgia Power,Georgia,MITCHELL - NORTH TIFTON 230KV RECONDUCTOR,LINE,230000,2,2,HIGH,31.46260475,-83.8414861,"MITCHELL: 31.4471208,-84.1338426 (HIGH) | NORTH TIFTON: 31.4780887,-83.5491296 (HIGH)"
4,19676,Georgia Power,Georgia,ADAMSVILLE - JACK MCDONOUGH 230KV LINE REBUILD,LINE,230000,2,1,LOW,33.7491657,-84.4984989,"ADAMSVILLE: 33.7491657,-84.4984989 (MEDIUM) | JACK MCDONOUGH: , (LOW)"
5,18800,Georgia Power,Georgia,ECHECONNEE-WELLSTON 115KV REBUILD,LINE,115000,2,2,MEDIUM,32.6380317,-83.65031554999999,"ECHECONNEE: 32.6760008,-83.7079876 (MEDIUM) | WELLSTON: 32.6000626,-83.5926435 (MEDIUM)"
6,19187,Georgia Power,Georgia,GRID - BREMEN - CROOKED CREEK (APC) 115 KV PROJECT,LINE,115000,2,2,LOW,33.4511507,-84.11011325,"BREMEN: 33.7091924,-85.1427159 (HIGH) | CROOKED CREEK: 33.193109,-83.0775106 (LOW)"
7,18153,Georgia Transmission Corporation,Georgia,GTC: BONAIRE PRI- ECHECONNEE 115 KV PARTIAL REBUILD,LINE,115000,2,2,MEDIUM,32.62039785,-83.6540051,"BONAIRE PRIMARY: 32.5647949,-83.6000226 (HIGH) | ECHECONNEE: 32.6760008,-83.7079876 (MEDIUM)"
8,20342,Georgia Transmission Corporation,Georgia,GTC: CAMDEN INDUSTRIAL PARK 230/115KV NEW SUBSTATION,SUBSTATION,230000;115000,1,0,LOW,,,"CAMDEN INDUSTRIAL PARK: , (LOW)"
9,20590,Georgia Transmission Corporation,Georgia,GTC: EATONTON PRIMARY - LICK CREEK 115KV LINE SWITCH REPLACEMENT,LINE,115000,2,2,LOW,33.9081909,-84.1919688,"EATONTON PRIMARY: 33.3044809,-83.4025186 (HIGH) | LICK CREEK: 34.5119009,-84.981419 (LOW)"
10,11821,Georgia Power,Georgia,JESUP - LUDOWICI PRIMARY 115KV REBUILD,LINE,115000,2,2,HIGH,31.66235185,-81.8343251,"JESUP: 31.6031063,-81.9249474 (HIGH) | LUDOWICI PRIMARY: 31.7215974,-81.7437028 (HIGH)"
11,13753,MEAG Power,Georgia,MEAG: ALCOVY ROAD - SKC 115 KV RECONDUCTOR,LINE,115000,2,2,LOW,33.5638725,-83.9359648,"ALCOVY ROAD: 33.5638725,-83.9359648 (LOW) | SKC: 33.5638725,-83.9359648 (LOW)"
12,13787,MEAG Power,Georgia,MEAG: AULTMAN ROAD - BONAIRE PRIMARY 115 KV REBUILD,LINE,115000,2,2,LOW,32.573611400000004,-83.58549454999999,"AULTMAN ROAD: 32.5824279,-83.5709665 (LOW) | BONAIRE PRIMARY: 32.5647949,-83.6000226 (HIGH)"
13,20464,Georgia Power,Georgia,NORCROSS 230KV BUS 1-3 SERIES BUS TIE BREAKER INSTALLATION,SUBSTATION,230000,1,1,HIGH,33.9325571,-84.2134303,"NORCROSS: 33.9325571,-84.2134303 (HIGH)"
14,19631,Georgia Power,Georgia,PINE GROVE PRIMARY 115 KV DUAL STAGE CAPACITOR BANK,SUBSTATION,115000,1,1,LOW,33.5462007,-83.8456666,"PINE GROVE PRIMARY: 33.5462007,-83.8456666 (LOW)"
15,20067,Georgia Power,Georgia,SAV: DEPTFORD - MAGNOLIA 115KV RECONDUCTOR,LINE,115000,2,2,HIGH,32.044757399999995,-81.0672826,"DEPTFORD: 32.0668279,-81.0483845 (HIGH) | MAGNOLIA: 32.0226869,-81.0861807 (HIGH)"
16,20466,Georgia Power,Georgia,SMART VALVE INSTALLATION,UNKNOWN,230000,0,0,LOW,,,
17,21046,Georgia Power,Georgia,THALMANN AND COLERAIN 23O KV LINE RELAY PANEL UPGRADES,MULTI_SITE,230000,2,2,LOW,31.086688600000002,-81.8565761,"THALMANN: 31.2934589,-81.6807807 (HIGH) | COLERAIN: 30.8799183,-82.0323715 (LOW)"
18,20431,Georgia Power,Georgia,VILLA RICA LOW SIDE BREAKER,SUBSTATION,,1,1,MEDIUM,33.7410224,-84.8548652,"VILLA RICA: 33.7410224,-84.8548652 (MEDIUM)"
19,20684,Georgia Power,Georgia,CAMDEN INDUSTRIAL PARK (GPC),SUBSTATION,230000;115000,1,0,LOW,,,"CAMDEN INDUSTRIAL PARK: , (LOW)"
20,18774,Georgia Transmission Corporation,Georgia,GTC: HEARD COUNTY - TENASKA 500KV (SECOND LINE),LINE,500000,2,2,MEDIUM,33.3551526,-84.99615610000001,"HEARD COUNTY: 33.358678,-84.9942221 (MEDIUM) | TENASKA: 33.3516272,-84.9980901 (HIGH)"
21,18889,Georgia Power,Georgia,JEFFERSON STREET#3 - NORTHWEST (WHITE) 115 KV RECONDUCTOR,LINE,115000,2,1,LOW,33.7566384,-84.3798065,"JEFFERSON STREET: , (LOW) | NORTHWEST: 33.7566384,-84.3798065 (MEDIUM)"
22,20326,Georgia Power,Georgia,ANTHONY SHOALS STATCOM SYSTEM,SUBSTATION,230000,1,1,HIGH,34.0018324,-82.6362788,"ANTHONY SHOALS: 34.0018324,-82.6362788 (HIGH)"
23,20152,Georgia Power,Georgia,CC - CASS PINE- HILL VIEW 230 KV LINE- CC IMPROVEMENTS,LINE,230000,2,1,LOW,33.9665671,-84.3789738,"CASS PINE: , (LOW) | HILL VIEW: 33.9665671,-84.3789738 (MEDIUM)"
24,20175,Georgia Power,Georgia,CC - PROJECT CHRONOS- SK/HYUNDAI,SUBSTATION,230000;25000,1,0,LOW,,,"SK/HYUNDAI: , (LOW)"
25,20010,Georgia Transmission Corporation,Georgia,GTC: ANTHONY SHOALS - WASHINGTON 115 KV LINE REBUILD,LINE,115000,2,2,LOW,33.50015475,-82.71910840000001,"ANTHONY SHOALS: 34.0018324,-82.6362788 (HIGH) | WASHINGTON: 32.9984771,-82.801938 (LOW)"
26,17075,Georgia Power,Georgia,SAV: LITTLE OGEECHEE 230- 115KV: RELAY MODERNIZATION,SUBSTATION,230000;115000,1,1,HIGH,32.0067859,-81.2531513,"LITTLE OGEECHEE: 32.0067859,-81.2531513 (HIGH)"
27,18691,Georgia Transmission Corporation,Georgia,GTC: LIZARD LOPE - WESTOVER 115 KV NEW LINE,LINE,115000,2,2,LOW,31.5460212,-84.3478582,"LIZARD LOPE: 31.5280718,-84.584517 (LOW) | WESTOVER: 31.5639706,-84.1111994 (LOW)"
28,20018,Georgia Power,Georgia,CC - QTS FAYETTEVILLE TRANSMISSION NEEDS,SUBSTATION,500000;230000,1,1,MEDIUM,33.4490287,-84.5193927,"QTS FAYETTEVILLE: 33.4490287,-84.5193927 (MEDIUM)"
29,19597,Georgia Power,Georgia,ADAMSVILLE - BUZZARD ROOST 230KV REBUILD AND JUMPER UPGRADE,LINE,230000,2,2,LOW,34.21689005,-84.4934681,"ADAMSVILLE: 33.7491657,-84.4984989 (MEDIUM) | BUZZARD ROOST: 34.6846144,-84.4884373 (LOW)"
30,18960,Georgia Power,Georgia,BLANKETS CREEK - WOODSTOCK 115KV LINE REBUILD,LINE,115000,2,2,HIGH,34.1355134,-84.510734,"BLANKETS CREEK: 34.1857567,-84.5080123 (HIGH) | WOODSTOCK: 34.0852701,-84.5134557 (HIGH)"
31,20243,Georgia Power,Georgia,CC - GARRETT ROAD SWITCHING STATION - TRAE LANE,LINE,230000,2,2,LOW,33.1780205,-84.7068078,"GARRETT ROAD: 32.6138594,-84.8212705 (LOW) | TRAE LANE: 33.7421816,-84.5923451 (MEDIUM)"
32,20216,Georgia Power,Georgia,CC - STONEWALL TELL ROAD (TA REALTY),SUBSTATION,230000,1,1,LOW,33.5183214,-84.6239254,"STONEWALL TELL ROAD: 33.5183214,-84.6239254 (LOW)"
33,18679,Dalton Utilities,Georgia,DU: EAST DALTON - OOSTANAULA 115KV REBUILD,LINE,115000,2,2,LOW,34.6470453,-84.9894292,"EAST DALTON: 34.7821897,-84.9974394 (LOW) | OOSTANAULA: 34.5119009,-84.981419 (LOW)"
34,20491,Georgia Power,Georgia,EAST POINT RELAY MODERNIZATION,SUBSTATION,230000;115000,1,1,HIGH,33.6763499,-84.4629659,"EAST POINT: 33.6763499,-84.4629659 (HIGH)"
35,16007,Georgia Power,Georgia,FENWICK STREET - SAND BAR FERRY 115KV (RECONDUCTOR/REBUILD),LINE,115000,2,2,MEDIUM,33.43806705,-81.94960135,"FENWICK STREET: 33.4504413,-81.9609096 (MEDIUM) | SAND BAR FERRY: 33.4256928,-81.9382931 (MEDIUM)"
36,20516,Georgia Power,Georgia,"GOAT ROCK 230KV SWITCH, JUMPER, & LINE TRAP REPLACEMENT",SUBSTATION,230000,1,1,HIGH,32.6082662,-85.0824629,"GOAT ROCK: 32.6082662,-85.0824629 (HIGH)"
37,19618,Georgia Power,Georgia,GORDON-N DUBLIN 115KV (GORDON-ENGL MCI J) REBUILD,LINE,115000,2,2,LOW,33.50778555,-83.9120278,"GORDON: 34.5119009,-84.981419 (LOW) | NORTH DUBLIN: 32.5036702,-82.8426366 (LOW)"
38,21139,Georgia Power,Georgia,GRADY - MORROW (WHITE) 115KV REBUILD,LINE,115000,2,2,MEDIUM,32.241699,-84.27218189999999,"GRADY: 30.877467,-84.2109021 (MEDIUM) | MORROW: 33.605931,-84.3334617 (HIGH)"
39,20474,Georgia Power,Georgia,GRADY 230/115KV RELAY MODERNIZATION,SUBSTATION,230000;115000,1,1,MEDIUM,30.877467,-84.2109021,"GRADY: 30.877467,-84.2109021 (MEDIUM)"
40,19706,Georgia Power,Georgia,GRID - GAINESVILLE #2 EQUIPMENT REPLACEMENT,SUBSTATION,230000;115000,1,1,HIGH,34.263022,-83.8096728,"GAINESVILLE: 34.263022,-83.8096728 (HIGH)"
41,21137,Georgia Transmission Corporation,Georgia,GTC: CONYERS - CORNISH MOUNTAIN 115KV LINE UPGRADE,LINE,115000,2,2,LOW,33.6506854,-83.87293865,"CONYERS: 33.6977047,-84.0427618 (LOW) | CORNISH MOUNTAIN: 33.6036661,-83.7031155 (LOW)"
42,19334,Georgia Transmission Corporation,Georgia,GTC: LAGRANGE - NORTH OPELIKA 230 KV,LINE,230000,2,1,LOW,33.0241058,-85.0156804,"LAGRANGE: 33.0241058,-85.0156804 (HIGH) | NORTH OPELIKA: , (LOW)"
43,20015,Georgia Transmission Corporation,Georgia,GTC: MORNING HORNET 2ND 230/115 KV BANK & THUMBS UP 115KV TL,SUBSTATION,230000;115000,1,0,LOW,,,"MORNING HORNET: , (LOW)"
44,19999,Georgia Transmission Corporation,Georgia,GTC: ROBINS SPRING BUS REPLACEMENT,SUBSTATION,115000,1,0,LOW,,,"ROBINS SPRING: , (LOW)"
45,20001,Georgia Transmission Corporation,Georgia,GTC: ROBINS SPRING CAPACITOR BANK INSTALLATION,SUBSTATION,115000,1,0,LOW,,,"ROBINS SPRING: , (LOW)"
46,19636,Georgia Power,Georgia,HAMMOND - WEISS DAM 115KV LINE REBUILD,LINE,115000,2,1,LOW,33.9636434,-84.3438437,"HAMMOND: 33.9636434,-84.3438437 (LOW) | WEISS DAM: , (LOW)"
47,20512,Georgia Power,Georgia,KATHLEEN AREA IMPROVEMENTS,SUBSTATION,230000,1,1,MEDIUM,32.4845687,-83.5833178,"KATHLEEN: 32.4845687,-83.5833178 (MEDIUM)"
48,20490,Georgia Power,Georgia,KLONDIKE RELAY MODERNIZATION,SUBSTATION,230000,1,1,HIGH,33.6369768,-84.124487,"KLONDIKE: 33.6369768,-84.124487 (HIGH)"
49,19598,MEAG Power,Georgia,MEAG: DRESDEN - LAGRANGE PRIMARY 230KV UPGRADE & JUMPERS,LINE,230000,2,2,HIGH,33.187610649999996,-84.96081715,"DRESDEN: 33.3511155,-84.9059539 (HIGH) | LAGRANGE PRIMARY: 33.0241058,-85.0156804 (HIGH)"
50,20270,MEAG Power,Georgia,MEAG: RAY PLACE RD - WASHINGTON #3,LINE,115000,2,2,MEDIUM,33.2172133,-82.8132341,"RAY PLACE ROAD: 33.4682585,-82.8197717 (HIGH) | WASHINGTON: 32.9661681,-82.8066965 (MEDIUM)"
51,20271,MEAG Power,Georgia,MEAG: RAY PLACE RD - WASHINGTON (WASHINGTON - WASHINGTON 3),LINE,115000,2,2,MEDIUM,33.2172133,-82.8132341,"RAY PLACE ROAD: 33.4682585,-82.8197717 (HIGH) | WASHINGTON: 32.9661681,-82.8066965 (MEDIUM)"
52,20300,Georgia Power,Georgia,MORROW 115KV RELAY UPGRADE,SUBSTATION,115000,1,1,HIGH,33.605931,-84.3334617,"MORROW: 33.605931,-84.3334617 (HIGH)"
53,18690,Georgia Power,Georgia,PALMYRA REACTOR REMOVAL,SUBSTATION,,1,1,LOW,31.6035893,-84.1469956,"PALMYRA: 31.6035893,-84.1469956 (LOW)"
54,20066,Georgia Power,Georgia,SAV: BOULEVARD - DEPTFORD 115KV RECONDUCTOR,LINE,115000,2,2,HIGH,32.05402935,-81.09642410000001,"BOULEVARD: 32.0412308,-81.1444637 (HIGH) | DEPTFORD: 32.0668279,-81.0483845 (HIGH)"
55,19966,Georgia Power,Georgia,SAV: CC - BIG OGEECHEE 500/230KV (CC NETWORK IMPROVEMENTS),SUBSTATION,500000;230000,1,0,LOW,,,"BIG OGEECHEE: , (LOW)"
56,20277,Georgia Power,Georgia,SAV: MCINTOSH - PURRYSBURG 230KV REACTORS,LINE,230000,2,2,LOW,32.249911499999996,-81.1639366,"MCINTOSH: 32.3521162,-81.1751124 (HIGH) | PURRYSBURG: 32.1477068,-81.1527608 (LOW)"
57,20489,Georgia Power,Georgia,SCOTTDALE RELAY MODERNIZATION,SUBSTATION,230000;115000,1,1,MEDIUM,33.7909706,-84.2716775,"SCOTTDALE: 33.7909706,-84.2716775 (MEDIUM)"
58,17900,Georgia Power,Georgia,UNION CITY - YATES 230 KV WHITE LINE REBUILD,LINE,230000,2,2,HIGH,33.5074057,-84.7066322,"UNION CITY: 33.5531702,-84.5090666 (HIGH) | YATES: 33.4616412,-84.9041978 (HIGH)"
59,20691,Georgia Power,Georgia,UNION CITY - YATES 230KV (WHITE) SWITCH AND TRAP REPLACEMENT,LINE,230000,2,2,HIGH,33.5074057,-84.7066322,"UNION CITY: 33.5531702,-84.5090666 (HIGH) | YATES: 33.4616412,-84.9041978 (HIGH)"
60,20223,Georgia Power,Georgia,CC - PROJECT PAYTON BAINBRIDGE,UNKNOWN,230000,0,0,LOW,,,
61,21022,Georgia Power,Georgia,OHARA BREAKER REPLACEMENT,SUBSTATION,115000,1,1,MEDIUM,32.8024716,-83.7150086,"OHARA: 32.8024716,-83.7150086 (MEDIUM)"
62,20668,Georgia Power,Georgia,DRESDEN LINE PROTECTIVE RELAYING,SUBSTATION,500000,1,1,HIGH,33.3511155,-84.9059539,"DRESDEN: 33.3511155,-84.9059539 (HIGH)"
63,20874,Georgia Transmission Corporation,Georgia,GTC: BARNESVILLE PRIMARY- BARNESVILLE #1 115KV RECONDUCTOR,LINE,115000,2,2,HIGH,33.0438068,-84.1771139,"BARNESVILLE PRIMARY: 33.0320694,-84.2012582 (HIGH) | BARNESVILLE: 33.0555442,-84.1529696 (HIGH)"
64,20273,Georgia Transmission Corporation,Georgia,GTC: DRESDEN 500KV BUS EXPANSION,SUBSTATION,500000,1,1,HIGH,33.3511155,-84.9059539,"DRESDEN: 33.3511155,-84.9059539 (HIGH)"
65,20002,Georgia Transmission Corporation,Georgia,GTC: GORDON - SANDERSVILLE #1 115KV LINE REBUILD,LINE,115000,2,2,LOW,33.755189,-83.89167850000001,"GORDON: 34.5119009,-84.981419 (LOW) | SANDERSVILLE: 32.9984771,-82.801938 (HIGH)"
66,20151,Georgia Power,Georgia,CC - CASS PINE 230/25 NEW SUB - QCELLS - CC IMPROVEMENTS,LINE,230000;25000,2,1,LOW,34.1799448,-84.8106911,"CASS PINE: , (LOW) | QCELLS: 34.1799448,-84.8106911 (LOW)"
67,19287,Georgia Power,Georgia,GRADY-WEST END 115KV REBUILD,LINE,115000,2,2,MEDIUM,32.3098925,-84.3099134,"GRADY: 30.877467,-84.2109021 (MEDIUM) | WEST END: 33.742318,-84.4089247 (MEDIUM)"
68,19363,Georgia Power,Georgia,MORROW - MOUNTAIN VIEW 115 KV REBUILD,LINE,115000,2,2,MEDIUM,33.623146750000004,-84.3712699,"MORROW: 33.605931,-84.3334617 (HIGH) | MOUNTAIN VIEW: 33.6403625,-84.4090781 (MEDIUM)"
69,18832,MEAG Power,Georgia,MEAG: FORTSON 230KV SUBSTATION MODERNIZATION,SUBSTATION,230000,1,1,LOW,33.4042233,-84.364253,"FORTSON: 33.4042233,-84.364253 (LOW)"
70,20509,Georgia Power,Georgia,CC - EMBLEM RIVERSIDE CUSTOMER SUB (FLEXENTIAL),SUBSTATION,230000,1,0,LOW,,,"EMBLEM RIVERSIDE: , (LOW)"
71,19635,Georgia Transmission Corporation,Georgia,GTC: HICKORY LEVEL - VILLA RICA 230KV LINE RECONDUCTOR,LINE,230000,2,2,LOW,33.961722699999996,-84.2597615,"HICKORY LEVEL: 34.182423,-83.6646578 (LOW) | VILLA RICA: 33.7410224,-84.8548652 (HIGH)"
72,19601,Georgia Power,Georgia,MORROW - YATES COMMON 115KV LINE UPGRADE,LINE,115000,2,1,LOW,33.605931,-84.3334617,"MORROW: 33.605931,-84.3334617 (HIGH) | YATES COMMON: , (LOW)"
73,15879,Georgia Power,Georgia,POSSUM BRANCH - YATES COMMON 115KV REBUILD (YATES TO CLEM),LINE,115000,2,1,LOW,30.7853188,-83.4803236,"POSSUM BRANCH: 30.7853188,-83.4803236 (LOW) | YATES COMMON: , (LOW)"
74,20771,Georgia Power,Georgia,CC - GULLATT ROAD TRANSMISSION IMPROVEMENTS,SUBSTATION,115000,1,1,MEDIUM,33.5187675,-84.6191865,"GULLATT ROAD: 33.5187675,-84.6191865 (MEDIUM)"
75,18736,Georgia Power,Georgia,CC - MICROSOFT - SHUGART (CCO06),LINE,230000,2,2,LOW,34.197948749999995,-84.78635335,"MICROSOFT: 33.5388786,-84.5589633 (LOW) | SHUGART: 34.8570189,-85.0137434 (LOW)"
76,20781,Georgia Power,Georgia,CC - SUMMER LAKE - VILLA RICA 230KV REBUILD (CC IMPROVMNT),LINE,230000,2,2,LOW,32.29031515,-84.67189315,"SUMMER LAKE: 30.8396079,-84.4889211 (LOW) | VILLA RICA: 33.7410224,-84.8548652 (HIGH)"
77,20736,Georgia Power,Georgia,CC - TA REALTY ELLENWOOD NETWORK IMPROVEMENTS,SUBSTATION,230000;115000,1,0,LOW,,,"TA REALTY ELLENWOOD: , (LOW)"
78,20234,Georgia Power,Georgia,DOYLE - LG&E MONROE 230KV - JACKS CREEK LOOP IN,BOTH,230000,2,1,LOW,32.1611295,-84.6083634,"DOYLE: 32.1611295,-84.6083634 (LOW) | LG&E MONROE: , (LOW)"
79,20858,Georgia Transmission Corporation,Georgia,GTC: ADAMSVILLE - BUZZARD ROOST 230KV REBUILD,LINE,230000,2,2,LOW,34.21689005,-84.4934681,"ADAMSVILLE: 33.7491657,-84.4984989 (MEDIUM) | BUZZARD ROOST: 34.6846144,-84.4884373 (LOW)"
80,20776,Georgia Transmission Corporation,Georgia,GTC: DOUGLASVILLE - VILLA RICA 230KV REBUILD (CC IMPROVEMENT),LINE,230000,2,2,LOW,33.76147335,-84.77949570000001,"DOUGLASVILLE: 33.7819243,-84.7041262 (LOW) | VILLA RICA: 33.7410224,-84.8548652 (HIGH)"
81,20778,Georgia Transmission Corporation,Georgia,GTC: DOYLE - WINDER PRIMARY 230KV LINE JUMPER REPLACEMENT,LINE,230000,2,2,LOW,33.07829445,-84.18074705000001,"DOYLE: 32.1611295,-84.6083634 (LOW) | WINDER PRIMARY: 33.9954594,-83.7531307 (HIGH)"
82,19358,Georgia Transmission Corporation,Georgia,GTC: EAST MOULTRIE - HIGHWAY 112 230 KV LINE,LINE,230000,2,2,MEDIUM,32.81438735,-84.0611224,"EAST MOULTRIE: 31.2421775,-83.7434741 (HIGH) | HIGHWAY 112: 34.3865972,-84.3787707 (MEDIUM)"
83,09662,Georgia Transmission Corporation,Georgia,GTC: EAST WALTON 500/230KV PROJECT,SUBSTATION,500000;230000,1,1,LOW,33.1290734,-83.3160111,"EAST WALTON: 33.1290734,-83.3160111 (LOW)"
84,20505,Georgia Transmission Corporation,Georgia,GTC: GARRETT RD - V. RICA 230KV LINE RECONDUCTOR (CC NET IM),LINE,230000,2,2,LOW,33.1774409,-84.83806785,"GARRETT ROAD: 32.6138594,-84.8212705 (LOW) | VILLA RICA: 33.7410224,-84.8548652 (HIGH)"
85,19622,Georgia Transmission Corporation,Georgia,GTC: RIDDLEVILLE BUS REPLACEMENT,SUBSTATION,115000,1,1,LOW,32.9984771,-82.801938,"RIDDLEVILLE: 32.9984771,-82.801938 (LOW)"
86,19606,Georgia Transmission Corporation,Georgia,GTC: SKC 115KV BUS AND JUMPER REPLACEMENT,SUBSTATION,115000,1,1,LOW,33.5638725,-83.9359648,"SKC: 33.5638725,-83.9359648 (LOW)"
87,20020,Georgia Transmission Corporation,Georgia,GTC: SOUTH HAZLEHURST - NEW LACY 230KV LINE,LINE,230000,2,2,MEDIUM,31.6783124,-82.46927074999999,"SOUTH HAZLEHURST: 31.8106914,-82.5666923 (HIGH) | NEW LACY: 31.5459334,-82.3718492 (MEDIUM)"
88,20506,Georgia Transmission Corporation,Georgia,GTC: SWITCH WAY - THORNTON ROAD 230KV LINE REBUILD,LINE,230000,2,2,LOW,33.8141161,-84.59523985,"SWITCH WAY: 33.7421816,-84.5923451 (MEDIUM) | THORNTON ROAD: 33.8860506,-84.5981346 (LOW)"
89,18668,Georgia Power,Georgia,JESUP - OFFERMAN 115KV REBUILD,LINE,115000,2,2,HIGH,31.5130894,-82.03430474999999,"JESUP: 31.6031063,-81.9249474 (HIGH) | OFFERMAN: 31.4230725,-82.1436621 (HIGH)"
90,10143,Georgia Power,Georgia,LAWRENCEVILLE - WINDER 115KV LINE REBUILD,LINE,115000,2,2,HIGH,33.990832350000005,-83.88885495,"LAWRENCEVILLE: 33.9581487,-84.0198792 (HIGH) | WINDER: 34.023516,-83.7578307 (HIGH)"
91,10481,Georgia Power,Georgia,LAWRENCEVILLE - WINDER PRIMARY 230KV LINE REBUILD,LINE,230000,2,2,HIGH,33.9907202,-83.87696475,"LAWRENCEVILLE: 33.985981,-84.0007988 (HIGH) | WINDER PRIMARY: 33.9954594,-83.7531307 (HIGH)"
92,20264,MEAG Power,Georgia,MEAG: RAY PLACE RD - WARRENTON PRIMARY,LINE,115000,2,2,HIGH,33.424379599999995,-82.75353385,"RAY PLACE ROAD: 33.4682585,-82.8197717 (HIGH) | WARRENTON PRIMARY: 33.3805007,-82.687296 (HIGH)"
93,19248,Georgia Power,Georgia,SANDERSVILLE #1 - WADLEY PRI. 115KV REBUILD/RECONDUCTOR,LINE,115000,2,2,HIGH,32.9415671,-82.60890520000001,"SANDERSVILLE: 32.9984771,-82.801938 (HIGH) | WADLEY PRIMARY: 32.8846571,-82.4158724 (HIGH)"
94,20785,Georgia Power,Georgia,SAV: GOSHEN (SAV) - KRAFT 115KV LINE REBUILD,LINE,115000,2,2,HIGH,32.19841825,-81.17772794999999,"GOSHEN: 32.2487012,-81.2094724 (HIGH) | KRAFT: 32.1481353,-81.1459835 (HIGH)"
95,20065,Georgia Power,Georgia,SAV: GOSHEN (SAV) - MCINTOSH 115KV LINE REBUILD,LINE,115000,2,2,HIGH,32.3004087,-81.1922924,"GOSHEN: 32.2487012,-81.2094724 (HIGH) | MCINTOSH: 32.3521162,-81.1751124 (HIGH)"
96,20717,Georgia Power,Georgia,CC - TOMOCHICHI 500/230KV SOLUTION (CC NETWORK IMPROVEMENTS),SUBSTATION,500000;230000,1,0,LOW,,,"TOMOCHICHI: , (LOW)"
97,18573,Georgia Power,Georgia,GRID - ARKWRIGHT - LLOYD SHOALS 115KV,LINE,115000,2,2,MEDIUM,33.124030149999996,-83.7710297,"ARKWRIGHT: 32.9272219,-83.698878 (MEDIUM) | LLOYD SHOALS: 33.3208384,-83.8431814 (MEDIUM)"
98,20591,Georgia Transmission Corporation,Georgia,GTC: EATONTON PRIMARY (035591) - LICK CREEK 115KV REBUILD,LINE,115000,2,2,LOW,33.9081909,-84.1919688,"EATONTON PRIMARY: 33.3044809,-83.4025186 (HIGH) | LICK CREEK: 34.5119009,-84.981419 (LOW)"
99,17977,Georgia Power,Georgia,ATHENA - EAST WATKINSVILLE 115 KV (REBUILD),LINE,115000,2,2,HIGH,33.918474700000004,-83.3654419,"ATHENA: 33.9764031,-83.3461189 (HIGH) | EAST WATKINSVILLE: 33.8605463,-83.3847649 (HIGH)"
100,20150,Georgia Power,Georgia,CC - HILL VIEW & GRASSY HOLLOW SUB - CC IMPROVEMENTS,MULTI_SITE,230000,2,2,LOW,34.073255950000004,-84.59483245,"HILL VIEW: 33.9665671,-84.3789738 (MEDIUM) | GRASSY HOLLOW: 34.1799448,-84.8106911 (LOW)"
101,20024,Georgia Power,Georgia,DYER ROAD - EAST ROANOKE 115KV (REBUILD),LINE,115000,2,2,LOW,33.238435949999996,-84.381958,"DYER ROAD: 34.8669746,-85.5121608 (LOW) | EAST ROANOKE: 31.6098973,-83.2517552 (LOW)"
102,19997,Georgia Power,Georgia,AULTMAN ROAD-PERRY 115KV LINE REBUILD,LINE,115000,2,2,LOW,32.518904649999996,-83.63649365,"AULTMAN ROAD: 32.5824279,-83.5709665 (LOW) | PERRY: 32.4553814,-83.7020208 (HIGH)"
103,20797,Georgia Power,Georgia,CC - EAST VILLA RICA AREA SWITCHING STATION (CC IMPROVEMENT),SUBSTATION,230000,1,1,MEDIUM,33.7410224,-84.8548652,"EAST VILLA RICA: 33.7410224,-84.8548652 (MEDIUM)"
104,20774,Georgia Power,Georgia,CC - VILLA RICA UPGRADES (CC NETWORK IMPROVEMENTS),SUBSTATION,500000;230000,1,1,HIGH,33.7410224,-84.8548652,"VILLA RICA: 33.7410224,-84.8548652 (HIGH)"
105,21048,Georgia Power,Georgia,FITZGERALD - PITTS 115 KV LINE REBUILD,LINE,115000,2,2,LOW,31.77035985,-83.386864,"FITZGERALD: 31.7293346,-83.2924114 (HIGH) | PITTS: 31.8113851,-83.4813166 (LOW)"
106,08458,Georgia Transmission Corporation,Georgia,GTC: BARNESVILLE - SOUTH GRIFFIN 230KV PROJECT,LINE,230000,2,2,LOW,32.421727249999996,-83.8412874,"BARNESVILLE: 33.0320694,-84.2012582 (HIGH) | SOUTH GRIFFIN: 31.8113851,-83.4813166 (LOW)"
107,20503,Georgia Transmission Corporation,Georgia,GTC: BARNEYVILLE - EAST MOULTRIE 115KV NEW LINE,LINE,115000,2,2,LOW,31.25312375,-83.6548817,"BARNEYVILLE: 31.26407,-83.5662893 (LOW) | EAST MOULTRIE: 31.2421775,-83.7434741 (HIGH)"
108,20873,Georgia Transmission Corporation,Georgia,GTC: BONAIRE PRIMARY 500/230KV XFMR REPLCMNT & RELAY MOD,SUBSTATION,500000;230000,1,1,HIGH,32.5647949,-83.6000226,"BONAIRE PRIMARY: 32.5647949,-83.6000226 (HIGH)"
109,19992,Georgia Transmission Corporation,Georgia,GTC: BOSTWICK - EAST SOCIAL CIRCLE 230KV RECONDUCTOR,LINE,230000,2,2,LOW,33.7673483,-83.53204525,"BOSTWICK: 33.8605463,-83.3847649 (LOW) | EAST SOCIAL CIRCLE: 33.6741503,-83.6793256 (HIGH)"
110,20777,Georgia Power,Georgia,JACK MCDONOUGH - NORTHWEST (BLACK) 230KV RECONDUCTOR,LINE,230000,2,1,LOW,33.7653626,-84.3714267,"JACK MCDONOUGH: , (LOW) | NORTHWEST: 33.7653626,-84.3714267 (MEDIUM)"
111,19629,MEAG Power,Georgia,MEAG: BRUMBLEY CREEK - SOUTH BAINBRIDGE 115KV REBUILD,LINE,115000,2,2,MEDIUM,30.8625111,-84.33129174999999,"BRUMBLEY CREEK: 30.8854143,-84.1736624 (MEDIUM) | SOUTH BAINBRIDGE: 30.8396079,-84.4889211 (HIGH)"
112,19630,MEAG Power,Georgia,MEAG: THOMASVILLE 230/115KV AUTOBANK REPLACEMENT,SUBSTATION,230000;115000,1,1,HIGH,30.9085196,-84.0050314,"THOMASVILLE: 30.9085196,-84.0050314 (HIGH)"
113,20482,Georgia Power,Georgia,PITTMAN ROAD - WEST POINT DAM (USA) 115KV REBUILD,LINE,115000,2,2,LOW,33.302625500000005,-84.90380375000001,"PITTMAN ROAD: 33.6866275,-84.6172176 (LOW) | WEST POINT DAM: 32.9186235,-85.1903899 (HIGH)"
114,20656,Georgia Power,Georgia,PLANT YATES BREAKER AND HALF STATION,SUBSTATION,,1,1,LOW,33.4533461,-84.9054594,"PLANT YATES: 33.4533461,-84.9054594 (LOW)"
115,20783,Georgia Power,Georgia,SAV: COLEMAN - DEAN FOREST 115KV LINE REBUILD,LINE,115000,2,2,HIGH,32.0956148,-81.20781715,"COLEMAN: 32.1077199,-81.226912 (HIGH) | DEAN FOREST: 32.0835097,-81.1887223 (HIGH)"
116,20407,Georgia Power,Georgia,SAV: MAGNOLIA - TRUMAN PARKWAY 115KV REBUILD,LINE,115000,2,2,MEDIUM,32.0226869,-81.0861807,"MAGNOLIA: 32.0226869,-81.0861807 (HIGH) | TRUMAN PARKWAY: 32.0226869,-81.0861807 (MEDIUM)"
117,21069,Georgia Power,Georgia,SMART VALVES AT EAST VILLA RICA SWITCHING STATION,SUBSTATION,230000,1,1,MEDIUM,33.7410224,-84.8548652,"EAST VILLA RICA: 33.7410224,-84.8548652 (MEDIUM)"
118,20768,Georgia Power,Georgia,SOUTH MACON 115KV BUSES 1 & 2 REPLACEMENT,SUBSTATION,115000,1,1,MEDIUM,31.6031063,-81.9249474,"SOUTH MACON: 31.6031063,-81.9249474 (MEDIUM)"
119,20274,Georgia Power,Georgia,UNION CITY - YATES 230KV (BLACK) LINE REBUILD,LINE,230000,2,2,HIGH,33.5074057,-84.7066322,"UNION CITY: 33.5531702,-84.5090666 (HIGH) | YATES: 33.4616412,-84.9041978 (HIGH)"
120,13166,Georgia Power,Georgia,FIRST AVENUE - NORTH COLUMBUS 115KV LINE REBUILD,LINE,115000,2,1,LOW,32.5064763,-84.9695532,"FIRST AVENUE: , (LOW) | NORTH COLUMBUS: 32.5064763,-84.9695532 (MEDIUM)"
121,20586,Georgia Transmission Corporation,Georgia,GTC: NORTH DUBLIN 230/115KV TRANSFORMERS AND BUS-TIE BREAKER,SUBSTATION,230000;115000,1,1,LOW,32.5036702,-82.8426366,"NORTH DUBLIN: 32.5036702,-82.8426366 (LOW)"
122,21062,Georgia Power,Georgia,ASHLEY PARK-WANSLEY 500KV,LINE,500000,2,2,LOW,33.40957245,-84.89129335,"ASHLEY PARK: 33.3924822,-84.7656172 (LOW) | WANSLEY: 33.4266627,-85.0169695 (HIGH)"
123,10222,Georgia Power,Georgia,BLAKELY PRIMARY - HUCKLEBERRY 115KV REBUILD,LINE,115000,2,2,LOW,31.23903665,-83.7411177,"BLAKELY PRIMARY: 31.371554,-84.9059802 (HIGH) | HUCKLEBERRY: 31.1065193,-82.5762552 (LOW)"
124,21047,Georgia Power,Georgia,BROADWAY - ECHECONNEE 115 KV LINE REBUILD,LINE,115000,2,2,MEDIUM,32.72541285,-83.6821829,"BROADWAY: 32.7748249,-83.6563782 (MEDIUM) | ECHECONNEE: 32.6760008,-83.7079876 (MEDIUM)"
125,16887,Georgia Power,Georgia,BUTLER - THOMASTON 230KV LINE CONVERSION,LINE,230000,2,2,MEDIUM,32.7354721,-84.3011228,"BUTLER: 32.5710217,-84.2897288 (MEDIUM) | THOMASTON: 32.8999225,-84.3125168 (HIGH)"
126,21036,Georgia Power,Georgia,BUZZARD ROOST - FACTORY SHOALS 230KV NEW LINE,LINE,230000,2,2,LOW,34.083319,-84.2594269,"BUZZARD ROOST: 34.6846144,-84.4884373 (LOW) | FACTORY SHOALS: 33.4820236,-84.0304165 (LOW)"
127,21142,Georgia Power,Georgia,CONYERS - KLONDIKE 230 KV SECOND LINE,LINE,230000,2,2,LOW,33.6369768,-84.124487,"CONYERS: 33.6369768,-84.124487 (LOW) | KLONDIKE: 33.6369768,-84.124487 (HIGH)"
128,21138,Georgia Power,Georgia,GLENWOOD SPRINGS - PORTERDALE PRIMARY 230KV LINE SWITCH REPL,LINE,230000,2,2,MEDIUM,33.44512005,-83.65334605,"GLENWOOD SPRINGS: 33.3044809,-83.4025186 (MEDIUM) | PORTERDALE PRIMARY: 33.5857592,-83.9041735 (MEDIUM)"
129,21112,Georgia Transmission Corporation,Georgia,GTC: BARNESVILLE PRIMARY - THOMASTON 230KV,LINE,230000,2,2,HIGH,32.96599595,-84.2568875,"BARNESVILLE PRIMARY: 33.0320694,-84.2012582 (HIGH) | THOMASTON: 32.8999225,-84.3125168 (HIGH)"
130,10814,Georgia Transmission Corporation,Georgia,GTC: BAY CREEK 230/115KV SECOND AUTO TRANSFORMER,SUBSTATION,230000;115000,1,1,HIGH,33.8681196,-83.8823506,"BAY CREEK: 33.8681196,-83.8823506 (HIGH)"
131,21140,Georgia Transmission Corporation,Georgia,GTC: BONAIRE PRIMARY - EASTMAN PRIMARY 115 KV LINE REBUILD,LINE,115000,2,2,HIGH,32.3890471,-83.3807221,"BONAIRE PRIMARY: 32.5647949,-83.6000226 (HIGH) | EASTMAN PRIMARY: 32.2132993,-83.1614216 (HIGH)"
132,20849,Georgia Transmission Corporation,Georgia,GTC: CLIFTONDALE - LINE CREEK 230KV LINE,LINE,230000,2,2,MEDIUM,33.48971495,-84.58522740000001,"CLIFTONDALE: 33.6293873,-84.6210734 (MEDIUM) | LINE CREEK: 33.3500426,-84.5493814 (HIGH)"
133,19950,Georgia Transmission Corporation,Georgia,GTC: DRESDEN - TALBOT 500KV LINE,LINE,500000,2,2,MEDIUM,32.9699772,-84.79956675,"DRESDEN: 33.3511155,-84.9059539 (HIGH) | TALBOT: 32.5888389,-84.6931796 (MEDIUM)"
134,20760,Georgia Transmission Corporation,Georgia,GTC: HOPEWELL 230/115 KV BANK A,SUBSTATION,230000;115000,1,1,HIGH,34.1741923,-84.2834055,"HOPEWELL: 34.1741923,-84.2834055 (HIGH)"
135,21123,Georgia Transmission Corporation,Georgia,GTC: TENASKA - WANSLEY 500KV NEW LINE,LINE,500000,2,2,HIGH,33.38914495,-85.0075298,"TENASKA: 33.3516272,-84.9980901 (HIGH) | WANSLEY: 33.4266627,-85.0169695 (HIGH)"
136,21141,Georgia Power,Georgia,LLOYD SHOALS - PORTERDALE PRIMARY 115KV REBUILD,LINE,115000,2,2,LOW,33.4350533,-83.92738405,"LLOYD SHOALS: 33.3208384,-83.8431814 (MEDIUM) | PORTERDALE PRIMARY: 33.5492682,-84.0115867 (LOW)"
137,20285,Georgia Power,Georgia,LOWER RIVER - WEBB (APC) 115KV RECONDUCTOR,LINE,115000,2,2,LOW,33.8648357,-84.72388565,"LOWER RIVER: 33.6310321,-85.1811184 (LOW) | WEBB: 34.0986393,-84.2666529 (LOW)"
138,19621,Georgia Power,Georgia,MCEVER ROAD - SHOAL CREEK 115KV REBUILD,LINE,115000,2,2,LOW,34.04507755,-83.78504745000001,"MCEVER ROAD: 34.2728832,-83.8738012 (HIGH) | SHOAL CREEK: 33.8172719,-83.6962937 (LOW)"
139,20346,Georgia Power,Georgia,MCMANUS - WEST BRUNSWICK 115KV REBUILD,LINE,115000,2,1,LOW,31.213065,-81.5452676,"MCMANUS: 31.213065,-81.5452676 (HIGH) | WEST BRUNSWICK: , (LOW)"
140,17706,MEAG Power,Georgia,MEAG: AULTMAN ROAD - FORT VALLEY #1 115 KV REBUILD,LINE,115000,2,2,LOW,32.57189295,-83.7216123,"AULTMAN ROAD: 32.5824279,-83.5709665 (LOW) | FORT VALLEY: 32.561358,-83.8722581 (HIGH)"
141,11051,MEAG Power,Georgia,MEAG: SLAPPEY DRIVE - WESTOVER 115KV LINE REBUILD,LINE,115000,2,2,LOW,32.550997550000005,-84.410313,"SLAPPEY DRIVE: 33.5187675,-84.6191865 (LOW) | WESTOVER: 31.5832276,-84.2014395 (MEDIUM)"
142,20757,Georgia Power,Georgia,NORCROSS - NORTH DRUID HILLS 115KV REBUILD,LINE,115000,2,2,LOW,33.85170775,-84.2525229,"NORCROSS: 33.9325571,-84.2134303 (HIGH) | NORTH DRUID HILLS: 33.7708584,-84.2916155 (LOW)"
143,21006,Georgia Power,Georgia,SAV: BOULEVARD - MAGNOLIA 115 KV LINE REBUILD,LINE,115000,2,2,HIGH,32.031958849999995,-81.11532220000001,"BOULEVARD: 32.0412308,-81.1444637 (HIGH) | MAGNOLIA: 32.0226869,-81.0861807 (HIGH)"
144,21023,Georgia Power,Georgia,SAV: DEAN FOREST - LITTLE OGEECHEE 230 KV REBUILD,LINE,230000,2,2,HIGH,32.045147799999995,-81.2209368,"DEAN FOREST: 32.0835097,-81.1887223 (HIGH) | LITTLE OGEECHEE: 32.0067859,-81.2531513 (HIGH)"
145,20989,Georgia Power,Georgia,SAV: RICE HOPE NEW AUTO TRANSFORMER,SUBSTATION,230000;115000,1,1,MEDIUM,32.2088617,-81.2082109,"RICE HOPE: 32.2088617,-81.2082109 (MEDIUM)"
146,13628,Georgia Power,Georgia,SOUTH BAINBRIDGE - SINAI (FPL) 115KV LINE RECONDUCTOR,LINE,115000,2,2,LOW,32.38570935,-83.94051590000001,"SOUTH BAINBRIDGE: 30.8396079,-84.4889211 (HIGH) | SINAI: 33.9318108,-83.3921107 (LOW)"
147,20248,Georgia Power,Georgia,BAY CREEK - CONYERS 230KV REBUILD,LINE,230000,2,2,LOW,33.7525482,-84.00341879999999,"BAY CREEK: 33.8681196,-83.8823506 (HIGH) | CONYERS: 33.6369768,-84.124487 (LOW)"
148,21129,Georgia Power,Georgia,ANNISTON - HAMMOND 230KV LINE,LINE,230000,2,2,LOW,33.863384249999996,-84.3120443,"ANNISTON: 33.7909706,-84.2716775 (LOW) | HAMMOND: 33.9357979,-84.3524111 (MEDIUM)"
149,20764,Georgia Power,Georgia,ATKINSON - NORTHSIDE DRIVE 115KV REBUILD,LINE,115000,2,2,LOW,32.5409012,-83.62458375,"ATKINSON: 31.2936765,-82.8421681 (LOW) | NORTHSIDE DRIVE: 33.7881259,-84.4069994 (MEDIUM)"
150,20761,Georgia Power,Georgia,ATKINSON - NORTHWEST 115KV REBUILD,LINE,115000,2,2,LOW,32.52515745,-83.6109873,"ATKINSON: 31.2936765,-82.8421681 (LOW) | NORTHWEST: 33.7566384,-84.3798065 (MEDIUM)"
151,21130,Georgia Power,Georgia,CC - NORTH GEORGIA DATA NETWORK UPGRADES,SUBSTATION,115000;46000,1,1,MEDIUM,33.7566384,-84.3798065,"NORTH GEORGIA: 33.7566384,-84.3798065 (MEDIUM)"
152,10478,Georgia Power,Georgia,CORNELIA - TALLULAH LODGE 115KV REBUILD,LINE,115000,2,1,LOW,34.5809462,-83.3527341,"CORNELIA: 34.5809462,-83.3527341 (LOW) | TALLULAH LODGE: , (LOW)"
153,18669,Dalton Utilities,Georgia,DU: DAWSON CROSSING - NELSON (WHITE) 115 KV REBUILD,LINE,115000,2,1,LOW,34.3865972,-84.3787707,"DAWSON CROSSING: , (LOW) | NELSON: 34.3865972,-84.3787707 (HIGH)"
154,21097,Georgia Power,Georgia,EAST POINT - TRIBUTARY 230KV REBUILD,LINE,230000,2,2,MEDIUM,33.7000403,-84.53690275,"EAST POINT: 33.6763499,-84.4629659 (HIGH) | TRIBUTARY: 33.7237307,-84.6108396 (MEDIUM)"
155,20480,Georgia Power,Georgia,EAST POINT - UNION CITY 230KV BLACK LINE RECONDUCTOR,LINE,230000,2,2,HIGH,33.61476005,-84.48601625,"EAST POINT: 33.6763499,-84.4629659 (HIGH) | UNION CITY: 33.5531702,-84.5090666 (HIGH)"
156,19627,Georgia Power,Georgia,ECHECONNEE-WELLSTON 115KV LINE REBUILD,LINE,115000,2,2,MEDIUM,32.6380317,-83.65031554999999,"ECHECONNEE: 32.6760008,-83.7079876 (MEDIUM) | WELLSTON: 32.6000626,-83.5926435 (MEDIUM)"
157,21063,Georgia Power,Georgia,FARLEY (APC)-TAZEWELL 500KV,LINE,500000,2,2,LOW,32.804137850000004,-84.2690469,"FARLEY: 33.2453174,-84.0611828 (LOW) | TAZEWELL: 32.3629583,-84.476911 (LOW)"
158,12120,Georgia Power,Georgia,GAINESVILLE #2 - MCEVER ROAD 115 KV REBUILD,LINE,115000,2,2,HIGH,34.27766990000001,-83.85165330000001,"GAINESVILLE: 34.2824566,-83.8295054 (HIGH) | MCEVER ROAD: 34.2728832,-83.8738012 (HIGH)"
159,20298,Georgia Power,Georgia,GLENWOOD SPRINGS - LAKE OCONEE 115KV LINE REBUILD,LINE,115000,2,2,MEDIUM,33.3820053,-83.3249848,"GLENWOOD SPRINGS: 33.3044809,-83.4025186 (MEDIUM) | LAKE OCONEE: 33.4595297,-83.247451 (HIGH)"
160,21128,Georgia Power,Georgia,GOAT ROCK REACTORS INSTALLATION,SUBSTATION,230000,1,1,HIGH,32.6082662,-85.0824629,"GOAT ROCK: 32.6082662,-85.0824629 (HIGH)"
161,19996,Georgia Power,Georgia,GOLDENS CREEK - WARRENTON PRIMARY 230KV REBUILD,LINE,230000,2,1,LOW,33.3805007,-82.687296,"GOLDENS CREEK: , (LOW) | WARRENTON PRIMARY: 33.3805007,-82.687296 (HIGH)"
162,20428,Georgia Power,Georgia,GORDON-SANDERSVILLE #1 115KV LINE REBUILD (DEEPSTEP-SAND #6),LINE,115000,2,2,LOW,33.755189,-83.89167850000001,"GORDON: 34.5119009,-84.981419 (LOW) | SANDERSVILLE: 32.9984771,-82.801938 (HIGH)"
163,21116,Georgia Power,Georgia,GOSHEN AREA STRATEGIC SOLUTION,SUBSTATION,230000,1,1,HIGH,33.3197599,-81.9953118,"GOSHEN: 33.3197599,-81.9953118 (HIGH)"
164,21073,Georgia Transmission Corporation,Georgia,GTC: BIG SMARR - TOMOCHICHI 500KV,LINE,500000,2,0,LOW,,,"BIG SMARR: , (LOW) | TOMOCHICHI: , (LOW)"
165,21014,Georgia Transmission Corporation,Georgia,GTC: BUZZARD ROOST - CAVENDER DRIVE 230KV NEW LINE,LINE,230000,2,2,LOW,34.7147147,-84.74506875,"BUZZARD ROOST: 34.6846144,-84.4884373 (LOW) | CAVENDER DRIVE: 34.744815,-85.0017002 (LOW)"
166,21013,Georgia Transmission Corporation,Georgia,GTC: CAVENDER DRIVE 500/230KV AUTOBANK,SUBSTATION,500000;230000,1,1,LOW,34.744815,-85.0017002,"CAVENDER DRIVE: 34.744815,-85.0017002 (LOW)"
167,20375,Georgia Transmission Corporation,Georgia,GTC: EAST WATKINSVILLE 230 KV STATION MODIFICATION,SUBSTATION,230000,1,1,HIGH,33.8605463,-83.3847649,"EAST WATKINSVILLE: 33.8605463,-83.3847649 (HIGH)"
168,21111,Georgia Transmission Corporation,Georgia,GTC: HARTWELL DAM - HARTWELL ENERGY 230KV SERIES REACTORS,LINE,230000,2,2,MEDIUM,34.34818465,-82.82092285,"HARTWELL DAM: 34.3552126,-82.8206727 (MEDIUM) | HARTWELL ENERGY: 34.3411567,-82.821173 (HIGH)"
169,21113,Georgia Transmission Corporation,Georgia,GTC: HARTWELL ENERGY - MIDDLE FORK 230KV LINE,LINE,230000,2,2,LOW,34.46105145,-83.08695355,"HARTWELL ENERGY: 34.3411567,-82.821173 (HIGH) | MIDDLE FORK: 34.5809462,-83.3527341 (LOW)"
170,21131,Georgia Transmission Corporation,Georgia,GTC: POND FORK - MIDWAY 115KV LINE,LINE,115000,2,2,LOW,33.0310992,-82.62281039999999,"POND FORK: 34.263022,-83.8096728 (LOW) | MIDWAY: 31.7991764,-81.435948 (MEDIUM)"
171,21077,Georgia Transmission Corporation,Georgia,GTC: ROCKVILLE - TIGER CREEK -WARTHEN 500KV LINES,MULTI_LINE,500000,3,3,LOW,33.78513983333333,-83.6320437,"ROCKVILLE: 33.193109,-83.0775106 (LOW) | TIGER CREEK: 35.0422484,-84.9591367 (LOW) | WARTHEN: 33.1200621,-82.8594838 (HIGH)"
172,21076,Georgia Transmission Corporation,Georgia,GTC: TALLBOT #2 - TAZEWELL 500KV LINE,LINE,500000,2,2,LOW,32.4758986,-84.58504529999999,"TALBOT: 32.5888389,-84.6931796 (MEDIUM) | TAZEWELL: 32.3629583,-84.476911 (LOW)"
173,21094,Georgia Transmission Corporation,Georgia,GTC: TIGER CREEK- ROCKVILLE-NORTH SPA 230KV PROJECT,MULTI_LINE,230000,3,2,LOW,34.0264074,-84.15583925,"TIGER CREEK: 34.8570189,-85.0137434 (LOW) | ROCKVILLE: 33.1957959,-83.2979351 (LOW) | NORTH SPA: , (LOW)"
174,20789,Georgia Power,Georgia,JEFFERSON ROAD - WINDER PRIMARY 115KV REBUILD,LINE,115000,2,2,MEDIUM,34.05681765,-83.66137485,"JEFFERSON ROAD: 34.1181759,-83.569619 (MEDIUM) | WINDER PRIMARY: 33.9954594,-83.7531307 (HIGH)"
175,20284,Georgia Power,Georgia,KETTLE CREEK PRIMARY - PINE GROVE PRIMARY 115KV REBUILD,LINE,115000,2,2,LOW,32.3962232,-83.111705,"KETTLE CREEK PRIMARY: 31.2462457,-82.3777434 (MEDIUM) | PINE GROVE PRIMARY: 33.5462007,-83.8456666 (LOW)"
176,21118,MEAG Power,Georgia,MEAG: ATHENA - WARRENTON 230KV CONVERSION,LINE,230000,2,2,HIGH,33.6914255,-83.0084803,"ATHENA: 33.9764031,-83.3461189 (HIGH) | WARRENTON: 33.4064479,-82.6708417 (HIGH)"
177,20857,Georgia Power,Georgia,NEW CAVENDER DRIVE - TRIBUTARY 230KV LINE,LINE,230000,2,1,LOW,33.7237307,-84.6108396,"NEW CAVENDER DRIVE: , (LOW) | TRIBUTARY: 33.7237307,-84.6108396 (MEDIUM)"
178,21093,Georgia Power,Georgia,NORTH SPA 230KV STRATEGIC PROJECT,SUBSTATION,230000,1,0,LOW,,,"NORTH SPA: , (LOW)"
179,19995,Georgia Power,Georgia,TALLULAH LODGE - TOCCOA 115 KV REBUILD,LINE,115000,2,1,LOW,34.5809462,-83.3527341,"TALLULAH LODGE: , (LOW) | TOCCOA: 34.5809462,-83.3527341 (HIGH)"
180,21098,Georgia Power,Georgia,TRIBUTARY - THORNTON RD 230KV REBUILD,LINE,230000,2,2,LOW,33.80489065,-84.6044871,"TRIBUTARY: 33.7237307,-84.6108396 (MEDIUM) | THORNTON ROAD: 33.8860506,-84.5981346 (LOW)"
181,20160,Georgia Power,Georgia,THOMASTON 230 NEW BUILD SUB,SUBSTATION,230000;115000,1,1,HIGH,32.8999225,-84.3125168,"THOMASTON: 32.8999225,-84.3125168 (HIGH)"
182,18848,Georgia Power,Georgia,"BAINBRIDGE TRANSMISSION: EAST RIVER ROAD, EAST BAINBRIDGE",MULTI_SITE,115000,3,3,MEDIUM,30.911834900000002,-84.5548423,"BAINBRIDGE: 30.9125521,-84.5669923 (HIGH) | EAST RIVER ROAD: 30.9114763,-84.5487673 (MEDIUM) | EAST BAINBRIDGE: 30.9114763,-84.5487673 (HIGH)"
183,19626,Georgia Power,Georgia,GLENWOOD SPRINGS 115KV CAP BANK,SUBSTATION,115000,1,1,MEDIUM,33.3044809,-83.4025186,"GLENWOOD SPRINGS: 33.3044809,-83.4025186 (MEDIUM)"
184,20690,Georgia Power,Georgia,EAST POINT - UNION CITY (WHITE) 230KV REBUILD,LINE,230000,2,2,HIGH,33.61476005,-84.48601625,"EAST POINT: 33.6763499,-84.4629659 (HIGH) | UNION CITY: 33.5531702,-84.5090666 (HIGH)"
185,19632,Georgia Power,Georgia,AVERY - HOPEWELL 115KV RECONDUCTOR,LINE,115000,2,2,HIGH,34.1955906,-84.33458490000001,"AVERY: 34.2169889,-84.3857643 (HIGH) | HOPEWELL: 34.1741923,-84.2834055 (HIGH)"
186,10811,Georgia Power,Georgia,BOWEN #10 500/230KV AUTOBANK REPLACEMENT,SUBSTATION,500000;230000,1,1,LOW,31.8122394,-81.4998138,"BOWEN: 31.8122394,-81.4998138 (LOW)"
187,20756,Georgia Power,Georgia,HATCH - WADLEY 500 KV LINE STRATEGIC PROJECT,LINE,500000,2,2,HIGH,32.40965695,-82.3817849,"HATCH: 31.9346568,-82.3476974 (HIGH) | WADLEY: 32.8846571,-82.4158724 (HIGH)"
188,21099,MEAG Power,Georgia,MEAG: PIO NONO 230/115KV AREA SOLUTION,SUBSTATION,230000;115000,1,1,MEDIUM,32.7748249,-83.6563782,"PIO NONO: 32.7748249,-83.6563782 (MEDIUM)"
189,21114,MEAG Power,Georgia,MEAG: SOUTH GRIFFIN 230/115KV BANK #5,SUBSTATION,230000;115000,1,1,LOW,31.6098973,-83.2517552,"SOUTH GRIFFIN: 31.6098973,-83.2517552 (LOW)"
190,20784,Georgia Power,Georgia,SAV: COLEMAN - MELDRIM 115KV LINE REBUILD,LINE,115000,2,2,HIGH,32.131501,-81.29764449999999,"COLEMAN: 32.1077199,-81.226912 (HIGH) | MELDRIM: 32.1552821,-81.368377 (HIGH)"
191,20767,Georgia Power,Georgia,ARKWRIGHT BUS AND JUMPER REPLACEMENT,SUBSTATION,115000,1,1,MEDIUM,32.9272219,-83.698878,"ARKWRIGHT: 32.9272219,-83.698878 (MEDIUM)"
192,20758,Georgia Power,Georgia,BAY CREEK - CONYERS 230KV LIMITING ELEMENT REPLACEMENT,LINE,230000,2,2,LOW,33.7525482,-84.00341879999999,"BAY CREEK: 33.8681196,-83.8823506 (HIGH) | CONYERS: 33.6369768,-84.124487 (LOW)"
193,20793,Georgia Power,Georgia,EVANS PRIMARY - THURMOND DAM (USA) #5 115KV REBUILD,LINE,115000,2,2,HIGH,33.60206075,-82.1822894,"EVANS PRIMARY: 33.5439942,-82.1686481 (HIGH) | THURMOND DAM: 33.6601273,-82.1959307 (HIGH)"
194,20794,Georgia Power,Georgia,EVANS PRIMARY - THURMOND DAM (USA) #6 115KV REBUILD,LINE,115000,2,2,HIGH,33.60206075,-82.1822894,"EVANS PRIMARY: 33.5439942,-82.1686481 (HIGH) | THURMOND DAM: 33.6601273,-82.1959307 (HIGH)"
195,12217,Georgia Transmission Corporation,Georgia,GTC: CENTER PRIMARY - CLARKSBORO 230 KV REBUILD,LINE,230000,2,2,LOW,33.10154445,-82.8997677,"CENTER PRIMARY: 32.231904,-82.4065408 (LOW) | CLARKSBORO: 33.9711849,-83.3929946 (LOW)"
196,20773,Georgia Transmission Corporation,Georgia,GTC: CLARKSBORO - WINDER PRIMARY 230KV REBUILD,LINE,230000,2,2,LOW,33.98332215,-83.57306265,"CLARKSBORO: 33.9711849,-83.3929946 (LOW) | WINDER PRIMARY: 33.9954594,-83.7531307 (HIGH)"
197,12147,Georgia Transmission Corporation,Georgia,GTC: EAST SOCIAL CIRCLE - SNELLVILLE 230KV EQUIPMENT UPGRADE,LINE,230000,2,2,HIGH,33.7565095,-83.86372324999999,"EAST SOCIAL CIRCLE: 33.6741503,-83.6793256 (HIGH) | SNELLVILLE: 33.8388687,-84.0481209 (HIGH)"
198,21075,Georgia Transmission Corporation,Georgia,GTC: EAST WALTON - MIDDLE FORK 500KV,LINE,500000,2,2,LOW,33.8293981,-83.29693095,"EAST WALTON: 33.07785,-83.2411278 (LOW) | MIDDLE FORK: 34.5809462,-83.3527341 (LOW)"
199,20791,Georgia Transmission Corporation,Georgia,GTC: SHOAL CREEK - SOUTH HALL 230KV REBUILD,LINE,230000,2,2,LOW,34.0427539,-84.50254625,"SHOAL CREEK: 33.8136479,-83.6948632 (LOW) | SOUTH HALL: 34.2718599,-85.3102293 (LOW)"
200,21053,Georgia Power,Georgia,MCEVER ROAD - SHOAL CREEK 115KV REBUILD PHASE III,LINE,115000,2,2,LOW,34.04507755,-83.78504745000001,"MCEVER ROAD: 34.2728832,-83.8738012 (HIGH) | SHOAL CREEK: 33.8172719,-83.6962937 (LOW)"
201,09661,Georgia Power,Georgia,MCGRAU FORD - MIDDLE FORK 500KV LINE PROJECT,LINE,500000,2,1,LOW,34.5809462,-83.3527341,"MCGRAU FORD: , (LOW) | MIDDLE FORK: 34.5809462,-83.3527341 (LOW)"
202,20796,Georgia Power,Georgia,SAV: MELDRIM BANK D REPLACEMENT,SUBSTATION,230000;115000,1,1,HIGH,32.1552821,-81.368377,"MELDRIM: 32.1552821,-81.368377 (HIGH)"
203,14222,Georgia Power,Georgia,THOMSON PRIMARY 230/115KV SECOND TRANSFORMER,SUBSTATION,230000;115000,1,1,HIGH,33.453955,-82.414219,"THOMSON PRIMARY: 33.453955,-82.414219 (HIGH)"
204,20759,Georgia Power,Georgia,WINDER PRIMARY 230KV BUS 1-2 PARALLEL BUS-TIE INSTALLATION,SUBSTATION,230000,1,1,HIGH,33.9954594,-83.7531307,"WINDER PRIMARY: 33.9954594,-83.7531307 (HIGH)"
205,10487,Georgia Power,Georgia,PINE GROVE PRIMARY - WEST VALDOSTA 115 KV RECONDUCTOR,LINE,115000,2,2,LOW,32.1851428,-83.56664535,"PINE GROVE PRIMARY: 33.5462007,-83.8456666 (LOW) | WEST VALDOSTA: 30.8240849,-83.2876241 (HIGH)"
206,18700,Georgia Power,Georgia,DAWSON CROSSING - GAINESVILLE #1 115 KV,LINE,115000,2,1,LOW,34.2824566,-83.8295054,"DAWSON CROSSING: , (LOW) | GAINESVILLE: 34.2824566,-83.8295054 (HIGH)"
207,20787,Georgia Power,Georgia,SAV: LITTLE OGEECHEE 230/115KV BANK REPLACEMENT,SUBSTATION,230000;115000,1,1,HIGH,32.0067859,-81.2531513,"LITTLE OGEECHEE: 32.0067859,-81.2531513 (HIGH)"
208,17993,Georgia Power,Georgia,EVANS PRIMARY - THOMSON PRIMARY 115KV REBUILD,LINE,115000,2,2,HIGH,33.4989746,-82.29143355,"EVANS PRIMARY: 33.5439942,-82.1686481 (HIGH) | THOMSON PRIMARY: 33.453955,-82.414219 (HIGH)"
