project_id,utility,sponsor,state,project_name,project_type,location_1,location_2,location_3,other_locations,voltage_1,voltage_2,in_service_date,start_date,plan_year,zone,owner_tags,line_miles,miles_mentioned,description,change_from_previous_plan,change_from_previous_irp,detail_need_date,table_page,detail_page
19523,Georgia Power,SAV,Georgia,SAV: CC - HYUNDAI MOTORS SAVANNAH AKA. PROJECT EA,SUBSTATION,HYUNDAI MOTORS SAVANNAH,,,,230000,115000,2025-01-01,2022-06-01,2025,219,,,12; 10; 2.3,"Construct a new Hyundai 230kV substation with an eight element 230kV ring bus and four 230/25kV banks. Construct a new Newton Rd 230kV substation with a five element 230kV ring bus and loop through the Little Ogeechee - Meldrim Black and White 230kV lines. Build two new 230kV lines connecting from Hyundai - Newton Rd (12 miles) and Hyundai - Meldrim (10 miles). At Meldrim, add a breaker to accommodate for the new Hyundai line. Install a 115/25kV bank at Interstate Centre and build a new 115kV line from Interstate Centre - Hyundai (2.3 miles) for bridge power.",New Project,New Project,2025-04-25,177,231
18670,Georgia Transmission Corporation,GTC,Georgia,GTC: BANKS CROSSING - POND FORK 115 KV,LINE,BANKS CROSSING,POND FORK,,,115000,,2025-05-01,2021-06-01,2025,212,,3.0,3,GTC will build a new 115kV line from McClure Industrial to structure 21N on the Ridgeway Church Road Junction or tap point (approximately 3 miles). Close normally open switch at Ridgeway Church Road to establish the Banks Crossing - Pond Fork 115kV line. All new conductors should be 100C 1351 ACSR Martin.,Project advanced in 2025,Project delayed from 2024 to 2025,2025-05-01,177,232
18492,Georgia Power,GPC,Georgia,MITCHELL - NORTH TIFTON 230KV RECONDUCTOR,LINE,MITCHELL,NORTH TIFTON,,,230000,,2025-05-01,2021-12-31,2025,216,,35.21,35.21,Rebuild 35.21 miles of the Mitchell - North Tifton 230kV line from 100C 795 ACSR to 100C 1351 ACSR.,Project advanced in 2025,Project delayed from 2024 to 2025,2025-05-01,177,233
19676,Georgia Power,GPC,Georgia,ADAMSVILLE - JACK MCDONOUGH 230KV LINE REBUILD,LINE,ADAMSVILLE,JACK MCDONOUGH,,,230000,,2025-06-01,2023-06-01,2025,206,,6.1,6.1,Rebuild the entire 6.1 mile Adamsville - Jack McDonough 230kV line with 160C 1351 ACSS.,No Change,New Project,2025-06-01,177,234
18800,Georgia Power,GPC,Georgia,ECHECONNEE-WELLSTON 115KV REBUILD,LINE,ECHECONNEE,WELLSTON,,,115000,,2025-06-01,2024-01-01,2025,214,,1.2,1.2,Rebuild the South Warner Robins to Wellston section (1.2 miles) with 100C 1351.5 ACSR Martin conductor.,No Change,No Change,2025-06-01,177,235
19187,Georgia Power,GPC,Georgia,GRID - BREMEN - CROOKED CREEK (APC) 115 KV PROJECT,LINE,BREMEN,CROOKED CREEK,,,115000,,2025-06-01,2021-09-01,2025,211,APC,14.0,14,"Rebuild from Bremen to Indian Creek Road, on the Bremen - Crooked Creek 115kV line (14 miles), using 795 ACSR conductor at 100C.",Project delayed from 2024 to 2025,New Project,2025-06-01,177,236
18153,Georgia Transmission Corporation,GTC,Georgia,GTC: BONAIRE PRI- ECHECONNEE 115 KV PARTIAL REBUILD,LINE,BONAIRE PRIMARY,ECHECONNEE,,,115000,,2025-06-01,2023-01-01,2025,214,,2.3,2.3,Rebuild 2.3 miles of the Bonaire Primary - Echeconnee 115kV line with 100C ACSR 795 conductor.,No Change,Project advanced from 2030 to 2025,2025-06-01,177,237
20342,Georgia Transmission Corporation,GTC,Georgia,GTC: CAMDEN INDUSTRIAL PARK 230/115KV NEW SUBSTATION,SUBSTATION,CAMDEN INDUSTRIAL PARK,,,,230000,115000,2025-06-01,2024-01-01,2025,218,,,,"GTC will construct a new 230/115kV substation with a three element 230kV ring bus, two element 115kV ring bus, and one new 230/115kV 400MVA transformer. A new 115kV line to Kinlaw substation will be built also.",No Change,New Project,2025-06-01,177,238
20590,Georgia Transmission Corporation,GTC,Georgia,GTC: EATONTON PRIMARY - LICK CREEK 115KV LINE SWITCH REPLACEMENT,LINE,EATONTON PRIMARY,LICK CREEK,,,115000,,2025-06-01,2023-12-01,2025,214,,,,Replace a 1200A RLB line switch on the Eatonton - Lake Oconee 115kV line with a with motor operator and SCADA controls. This switch is located on GTC's Eatonton Primary - Lick Creek 115kV section of the Eatonton Primary - Lake Oconee 115kV Line.,No Change,New Project,2025-06-01,177,239
11821,Georgia Power,GPC,Georgia,JESUP - LUDOWICI PRIMARY 115KV REBUILD,LINE,JESUP,LUDOWICI PRIMARY,,,115000,,2025-06-01,2023-06-01,2025,218,,7.5,7.5,Rebuild approximately 7.5 miles of the Jesup - North Jesup - Rayonier section of the Jesup - Ludowici Primary 115kV line from 100C 336.4 ACSR Linnet conductor to 100C 795 ACSR Drake conductor.,No Change,Project delayed from 2024 to 2025,2025-06-01,177,240
13753,MEAG Power,MEAG,Georgia,MEAG: ALCOVY ROAD - SKC 115 KV RECONDUCTOR,LINE,ALCOVY ROAD,SKC,,,115000,,2025-06-01,2023-06-01,2025,206,,0.53,0.53,MEAG will reconductor approximately 0.53 miles of 100C 336 ACSR conductor with 100C 1033 ACSR conductor from Alcovy Road to Alcovy Road Jct. on the Alcovy Road - SKC 115kV line.,No Change,New Project,2025-06-01,177,241
13787,MEAG Power,MEAG,Georgia,MEAG: AULTMAN ROAD - BONAIRE PRIMARY 115 KV REBUILD,LINE,AULTMAN ROAD,BONAIRE PRIMARY,,,115000,,2025-06-01,2023-06-01,2025,214,,1.99,1.99,MEAG: Rebuild approximately 1.99 miles of Sleepy Hollow - Peach Blossom 115kV section of the Aultman Road - Bonaire Primary 115kV line from 100C 336 ACSR to 100C 795 ACSR. GTC: Replace the jumpers at Sleepy Hollow with 1590 AAC.,No Change,New Project,2025-06-01,177,242
20464,Georgia Power,GPC,Georgia,NORCROSS 230KV BUS 1-3 SERIES BUS TIE BREAKER INSTALLATION,SUBSTATION,NORCROSS,,,,230000,,2025-06-01,2023-11-01,2025,202,,,,Install a bus tie breaker in series with existing bus tie breaker between 230kV Bus 1 and Bus 3 at Norcross.,No Change,New Project,2025-06-01,177,243
19631,Georgia Power,GPC,Georgia,PINE GROVE PRIMARY 115 KV DUAL STAGE CAPACITOR BANK,SUBSTATION,PINE GROVE PRIMARY,,,,115000,,2025-06-01,2023-11-01,2025,216,,,,Install a Dual Stage 30MVAR capacitor bank at Pine Grove Primary.,No Change,New Project,2025-06-01,178,244
20067,Georgia Power,SAV,Georgia,SAV: DEPTFORD - MAGNOLIA 115KV RECONDUCTOR,LINE,DEPTFORD,MAGNOLIA,,,115000,,2025-06-01,2023-01-01,2025,219,,5.0,5,Reconductor the Deptford - Magnolia 115kV line (approximately 5 miles) using 973.1 C7 ACCS (Everglades) conductor and upgrade the Deptford main bus.,No Change,New Project,2025-06-01,178,245
20466,Georgia Power,GPC,Georgia,SMART VALVE INSTALLATION,UNKNOWN,,,,,230000,,2025-06-01,2023-10-01,2025,214,,,,Installation of Smart Valve devices inside the Eatonton Primary substation on the Branch - Oasis 230kV and Eatonton Primary - Oasis 230kV lines.,No Change,New Project,2025-06-01,178,246
21046,Georgia Power,GPC,Georgia,THALMANN AND COLERAIN 23O KV LINE RELAY PANEL UPGRADES,MULTI_SITE,THALMANN,COLERAIN,,,230000,,2025-06-01,2024-12-01,2025,218,,,,Relay protection modifications at GPC's Thalmann and Colerain substations to match relay scheme used at GTC's new Camden Industrial Park 230/115kV substation.,New Project,New Project,2025-06-01,178,214
20431,Georgia Power,GPC,Georgia,VILLA RICA LOW SIDE BREAKER,SUBSTATION,VILLA RICA,,,,,,2025-06-01,2024-06-01,2025,211,,,,Replace a low side breaker at Villa Rica with a 4000A breaker.,New Project,New Project,2025-06-01,178,247
20684,Georgia Power,GPC,Georgia,CAMDEN INDUSTRIAL PARK (GPC),SUBSTATION,CAMDEN INDUSTRIAL PARK,,,,230000,115000,2025-06-01,2024-01-01,2025,218,GPC,,,This project will loop in GPC's existing Colerain to Thalman 230kV line into GTC's new Camden Industrial Park station. GPC's Kingsland termination at GTC's Kinlaw sub will be relocated to a new 115kV bay position.,New Project,New Project,2025-06-30,178,248
18774,Georgia Transmission Corporation,GTC,Georgia,GTC: HEARD COUNTY - TENASKA 500KV (SECOND LINE),LINE,HEARD COUNTY,TENASKA,,,500000,,2025-12-01,2021-12-01,2025,213,,0.8,0.8,"GTC: Build a second Heard County - Tenaska 500kV line, 0.8 miles, with 100C (3) 1113 ACSR Bluejay conductors. Add a 500kV breaker at Heard County. GPC: Add a 500kV breaker at Tenaska.",Project delayed from 2024 to 2025,Project delayed from 2024 to 2025,2025-12-01,178,249
18889,Georgia Power,GPC,Georgia,JEFFERSON STREET#3 - NORTHWEST (WHITE) 115 KV RECONDUCTOR,LINE,JEFFERSON STREET,NORTHWEST,,,115000,,2025-12-01,2024-01-01,2025,206,,1.2,1.2,Rebuild the 115kV White line from Northwest to Jefferson Street #3 (1.2 miles) with 200C 1351 ACSS conductor.,No Change,Project advanced from 2030 to 2025,2025-12-01,178,250
20326,Georgia Power,GPC,Georgia,ANTHONY SHOALS STATCOM SYSTEM,SUBSTATION,ANTHONY SHOALS,,,,230000,,2025-12-31,2023-08-04,2025,212,,,,Install a + 150 / - 150 MVAR turnkey STATCOM system at Anthony Shoals 230kV substation.,No Change,New Project,2025-12-31,178,215
20152,Georgia Power,GPC,Georgia,CC - CASS PINE- HILL VIEW 230 KV LINE- CC IMPROVEMENTS,LINE,CASS PINE,HILL VIEW,,,230000,,2025-12-31,2023-06-01,2025,211,,7.58,7.58,Build a new 7.58 mile 200C 1351 ACSS conductor 230kV line between new Cass Pine and Hill View 230kV substations.,New Project,New Project,2025-12-31,178,251
20175,Georgia Power,GPC,Georgia,CC - PROJECT CHRONOS- SK/HYUNDAI,SUBSTATION,SK/HYUNDAI,,,,230000,25000,2025-12-31,2023-07-31,2025,211,,,,GPC will build a 230/25kV station named Two Run Ranch and loop it into the Cartersville - Pinson 230kV line to serve SK Battery/Hyundai and new load in the area.,No Change,New Project,2025-12-31,178,252
20010,Georgia Transmission Corporation,GTC,Georgia,GTC: ANTHONY SHOALS - WASHINGTON 115 KV LINE REBUILD,LINE,ANTHONY SHOALS,WASHINGTON,,,115000,,2025-12-31,2024-01-01,2025,215,,21.0,21,Rebuild 21 miles of the Double Branches Junction - Washington 115kV line section with 100C 795 ACSR conductor or higher rated conductor.,No Change,New Project,2025-12-31,178,253
17075,Georgia Power,SAV,Georgia,SAV: LITTLE OGEECHEE 230- 115KV: RELAY MODERNIZATION,SUBSTATION,LITTLE OGEECHEE,,,,230000,115000,2025-12-31,2022-06-01,2025,219,,,,Relay modernization with conversion of the 230kV ring bus to BAAH topology and addition of BAAH rung for Big Ogeechee - Little Ogeechee (Red) 230kV Line. Rebuild 115kV straight bus to BAAH design.,Project delayed in 2025,New Project,2025-12-31,178,216
18691,Georgia Transmission Corporation,GTC,Georgia,GTC: LIZARD LOPE - WESTOVER 115 KV NEW LINE,LINE,LIZARD LOPE,WESTOVER,,,115000,,2026-03-01,2021-06-01,2026,216,,19.8,19.8,"Construct two new 115kV stations, Lizard Lope and Westover, and build a new 19.8 miles of 115kV line from Lizard Lope to Gillionville",Project delayed from 2025 to 2026,"Project delayed from 2024 to 2026. Previously titled ""GTC: Gillionville - Greenhouse 115kV Line""",2026-03-01,178,254
20018,Georgia Power,GPC,Georgia,CC - QTS FAYETTEVILLE TRANSMISSION NEEDS,SUBSTATION,QTS FAYETTEVILLE,,,,500000,230000,2026-04-01,2023-06-01,2026,208,,6.0,6,"Build a new 500/230kV substation (Ashley Park) splitting the Ohara - Union City 500kV line. Install two 500/230kV auto transformers at the Ashley Park station. At Ashley Park, the 500kV side will be a 4 - breaker ring bus, while the 230kV side will be a 2 - rung Breaker and a Half configuration. Build two new 230kV lines (~6 miles each) from Ashley Park to the high side of customer substations. The new lines will be built with bundled 200C 1351 ACSS Martin conductor.",No Change,New Project,2026-04-01,178,255
19597,Georgia Power,GPC,Georgia,ADAMSVILLE - BUZZARD ROOST 230KV REBUILD AND JUMPER UPGRADE,LINE,ADAMSVILLE,BUZZARD ROOST,,,230000,,2026-06-01,2024-06-01,2026,208,,8.08,8.08,Rebuild the line sections from Adamsville to Boat Rock Road (8.08 miles) on the Adamsville - Buzzard Roost 230kV line with 200C 1351 ACSS Martin conductor. Replace the AAC 750 jumper on the line at Adamsville with (2) 1590 AAC jumper. Replace 1590 AAC jumpers at Bakers Ferry and Boat Rock with (2) 1590 AAC jumpers. Replace 1600A line switches at Boat Rock with 3000A switches.,Project advanced from 2027 to 2026,New Project,2026-06-01,179,256
18960,Georgia Power,GPC,Georgia,BLANKETS CREEK - WOODSTOCK 115KV LINE REBUILD,LINE,BLANKETS CREEK,WOODSTOCK,,,115000,,2026-06-01,2025-06-01,2026,201,,7.1,7.1,"Rebuild the entire Blankets Creek - Woodstock 115kV line, approximately 7.1 miles, with 200C 795 ACSS conductor.",No Change,No Change,2026-06-01,179,257
20243,Georgia Power,GPC,Georgia,CC - GARRETT ROAD SWITCHING STATION - TRAE LANE,LINE,GARRETT ROAD,TRAE LANE,,,230000,,2026-06-01,2023-04-30,2026,201,,8.6,8.6,Build the new Garrett Road 230kV switching station (three - element ring bus) splitting the Villa Rica - West Marietta 230kV line. Build a new 230kV line (8.6 miles) from the Trae Lane substation to the Garrett Road switching station with bundled 100C 1351 ACSR conductor.,Project delayed from 2025 to 2026,New Project,2026-06-01,179,258
20216,Georgia Power,GPC,Georgia,CC - STONEWALL TELL ROAD (TA REALTY),SUBSTATION,STONEWALL TELL ROAD,,,,230000,,2026-06-01,2025-01-01,2026,208,,,,"Build 230kV line segment, using 200C 1351 ACSS Martin conductor, to loop in the Stonewall Tell Road (TA Realty) customer station into the East Point - Union City 230kV Black line.",No Change,New Project,2026-06-01,179,259
18679,Dalton Utilities,DU,Georgia,DU: EAST DALTON - OOSTANAULA 115KV REBUILD,LINE,EAST DALTON,OOSTANAULA,,,115000,,2026-06-01,2023-06-01,2026,211,,,,DU: Rebuild the portion of East Dalton - Oostanaula and Dalton - East Dalton 115kV double circuit lines between East Dalton substation and the Dalton substation frame with 200C 795 ACSS.,No Change,Project delayed from 2023 to 2026. Project previously listed under TEAMS #18851.,2026-06-01,179,260
20491,Georgia Power,GPC,Georgia,EAST POINT RELAY MODERNIZATION,SUBSTATION,EAST POINT,,,,230000,115000,2026-06-01,2024-01-01,2026,208,,,,"Upgrade protection on 230kV buses, 115kV buses, and 230/115kV auto transformer at the East Point station. Add adequate monitoring on DC supply.",No Change,New Project,2026-06-01,179,217
16007,Georgia Power,GPC,Georgia,FENWICK STREET - SAND BAR FERRY 115KV (RECONDUCTOR/REBUILD),LINE,FENWICK STREET,SAND BAR FERRY,,,115000,,2026-06-01,2022-09-01,2026,215,,2.72,2.72,Reconductor approximately 2.72 miles of transmission line from Fenwick St to East Augusta Jct. with 100C 1351 ACSR conductor.,No Change,New Project,2026-06-01,179,261
20516,Georgia Power,GPC,Georgia,"GOAT ROCK 230KV SWITCH, JUMPER, & LINE TRAP REPLACEMENT",SUBSTATION,GOAT ROCK,,,,230000,,2026-06-01,2024-01-01,2026,213,,,,"Replace the 230kV 1200A switch with 3000A, 90C 1351.5 ACSR Martin jumper with (2) AAC 1590, and 1600A line trap with 3000A (part of the Goat Rock - North Opelika 230kV line at Goat Rock substation.",No Change,New Project,2026-06-01,179,262
19618,Georgia Power,GPC,Georgia,GORDON-N DUBLIN 115KV (GORDON-ENGL MCI J) REBUILD,LINE,GORDON,NORTH DUBLIN,,,115000,,2026-06-01,2023-10-01,2026,214,,,2.81; 3.18,Rebuild the Gordon - Engelhard McIntyre J of the Gordon - North Dublin 115kV line from 100C 336.4 ACSR (2.81 miles) Linnet and 75C 4/0 F Copper/CW (3.18 miles) to 200C ACSS 795 conductor.,No Change,New Project,2026-06-01,179,263
21139,Georgia Power,GPC,Georgia,GRADY - MORROW (WHITE) 115KV REBUILD,LINE,GRADY,MORROW,,,115000,,2026-06-01,2024-06-01,2026,206,,0.72,0.72,Replace 0.72 miles of conductor from Moreland Way to Morrow including the bus and jumper at Moreland Way with 1351.5 Martin/ACSS 54/19 conductor.,New Project,New Project,2026-06-01,179,264
20474,Georgia Power,GPC,Georgia,GRADY 230/115KV RELAY MODERNIZATION,SUBSTATION,GRADY,,,,230000,115000,2026-06-01,2024-01-01,2026,206,,,,"Upgrade protection on 230kV bus, all 115kV buses, and both 230/115kV auto transformers at Grady. Add adequate monitoring on DC supply. Install a 230kV breaker and associated switches on the high side of Grady 230/115kV auto transformer D.",No Change,New Project,2026-06-01,179,218
19706,Georgia Power,GPC,Georgia,GRID - GAINESVILLE #2 EQUIPMENT REPLACEMENT,SUBSTATION,GAINESVILLE,,,,230000,115000,2026-06-01,2024-12-31,2026,212,,,,GPC: Replace the two 230/115kV auto transformers (Bank C and D) at Gainesville #2 with 400MVA. Project was originally maintenance driven but now compliance driven.,New Project,New Project,2026-06-01,179,265
21137,Georgia Transmission Corporation,GTC,Georgia,GTC: CONYERS - CORNISH MOUNTAIN 115KV LINE UPGRADE,LINE,CONYERS,CORNISH MOUNTAIN,,,115000,,2026-06-01,2025-06-01,2026,206,,,,Upgrade 750 jumpers at North Conyers and raise the temperature rating of the 636 ACSR conductor on the Conyers - Cornish MTN 115kV line from 100C to 125C.,New Project,New Project,2026-06-01,179,266
19334,Georgia Transmission Corporation,GTC,Georgia,GTC: LAGRANGE - NORTH OPELIKA 230 KV,LINE,LAGRANGE,NORTH OPELIKA,,,230000,,2026-06-01,2023-06-01,2026,213,,,29.4; 15,"Build a new Lagrange - North Opelika (APC) 230kV line, 29.4 miles, with 100C ACSR 1351.5 Martin Conductor. GTC will construct the ~15 - mile section from Lagrange to the Metering Station near the Georgia - Alabama border. The Metering Station will be owned by GTC. GPC will construct the short line section from the Metering Station to the GA - AL state line. APC will construct the 230kV line from the GA - AL state line to North Opelika.",No Change,Project advanced from 2027,2026-06-01,179,267
20015,Georgia Transmission Corporation,GTC,Georgia,GTC: MORNING HORNET 2ND 230/115 KV BANK & THUMBS UP 115KV TL,SUBSTATION,MORNING HORNET,,,,230000,115000,2026-06-01,2024-06-01,2026,212,,2.4,2.4,"GTC to add a second 230/115kV auto transformer at Morning Hornet substation. Also, build an additional 115kV line from Morning Hornet to Thumbs Up, approximately 2.4 miles, using at least 100C 1351 ACSR conductor.",No Change,New Project,2026-06-01,179,268
19999,Georgia Transmission Corporation,GTC,Georgia,GTC: ROBINS SPRING BUS REPLACEMENT,SUBSTATION,ROBINS SPRING,,,,115000,,2026-06-01,2023-06-01,2026,214,,,,GTC: Replace the main 115kV bus 90C ACSR 336.4 Linnet conductor with higher rating.,Project delayed from 2025 to 2026,New Project,2026-06-01,180,269
20001,Georgia Transmission Corporation,GTC,Georgia,GTC: ROBINS SPRING CAPACITOR BANK INSTALLATION,SUBSTATION,ROBINS SPRING,,,,115000,,2026-06-01,2023-01-01,2026,214,,,,Install a 115kV 2 - stage 22.5MVAR (45MVAR total) capacitor bank at Robins Spring,Project delayed from 2025 to 2026,New Project,2026-06-01,180,270
19636,Georgia Power,GPC,Georgia,HAMMOND - WEISS DAM 115KV LINE REBUILD,LINE,HAMMOND,WEISS DAM,,,115000,,2026-06-01,2023-06-01,2026,211,,11.2,11.2,Rebuild 11.2 miles of Hammond - Weiss Dam 115kV from Hammond to the APC border with 200C 795 ACSS.,No Change,New Project,2026-06-01,180,271
20512,Georgia Power,GPC,Georgia,KATHLEEN AREA IMPROVEMENTS,SUBSTATION,KATHLEEN,,,,230000,,2026-06-01,2024-01-01,2026,214,,,1.5; 6,Rebuild the Kathleen - Big Grocery Creek 230kV line (approximately 1.5 miles). Rebuild the Bonaire Primary - Kathleen 230kV line (approximately 6 miles). Upgrade limiting elements at Kathleen substation.,No Change,New Project,2026-06-01,180,272
20490,Georgia Power,GPC,Georgia,KLONDIKE RELAY MODERNIZATION,SUBSTATION,KLONDIKE,,,,230000,,2026-06-01,2024-01-01,2026,206,,,,Upgrade protection on 230kV buses at the Klondike station. Add adequate monitoring on DC supply.,No Change,New Project,2026-06-01,180,219
19598,MEAG Power,MEAG,Georgia,MEAG: DRESDEN - LAGRANGE PRIMARY 230KV UPGRADE & JUMPERS,LINE,DRESDEN,LAGRANGE PRIMARY,,,230000,,2026-06-01,2024-06-01,2026,213,,,,MEAG will re-sag the Dresden - LaGrange Primary 230kV line to 125C. Replace the jumpers at Dresden and LaGrange with (2) 1590 AAC jumpers.,No Change,New Project,2026-06-01,180,273
20270,MEAG Power,MEAG,Georgia,MEAG: RAY PLACE RD - WASHINGTON #3,LINE,RAY PLACE ROAD,WASHINGTON,,,115000,,2026-06-01,2024-01-01,2026,215,,17.4,17.4,Rebuild the Ray Place Rd - Washington 115kV line with 100C 795 ACSR conductor (total 17.4 Miles) between Ray Place Rd and Washington 2. Replace Jumpers and bus at Washington 2.,No Change,New Project,2026-06-01,180,274
20271,MEAG Power,MEAG,Georgia,MEAG: RAY PLACE RD - WASHINGTON (WASHINGTON - WASHINGTON 3),LINE,RAY PLACE ROAD,WASHINGTON,,,115000,,2026-06-01,2025-06-01,2026,215,,1.2,1.2,MEAG will rebuild the Ray Place Rd - Washington 115kV line with 100C 1351 ACSR conductor (total 1.2 Miles) between Washington and Washington 3. Replace jumpers at Washington.,No Change,New Project,2026-06-01,180,275
20300,Georgia Power,GPC,Georgia,MORROW 115KV RELAY UPGRADE,SUBSTATION,MORROW,,,,115000,,2026-06-01,2024-06-01,2026,208,,,,Upgrade protection scheme on all three 115kV buses at Morrow.,No Change,New Project,2026-06-01,180,220
18690,Georgia Power,GPC,Georgia,PALMYRA REACTOR REMOVAL,SUBSTATION,PALMYRA,,,,,,2026-06-01,2023-05-01,2026,216,,,,Remove the 6% reactor at the Palmyra Substation.,Project delayed from 2025 to 2026,Project delayed from 2024 to 2026,2026-06-01,180,276
20066,Georgia Power,SAV,Georgia,SAV: BOULEVARD - DEPTFORD 115KV RECONDUCTOR,LINE,BOULEVARD,DEPTFORD,,,115000,,2026-06-01,2025-06-01,2026,219,,8.0,8,Reconductor the Boulevard - Deptford 115kV line (approximately 8 miles) using 973.1 C7 ACCS (Everglades) conductor. Upgrade main bus and jumpers at Bolton substation from 90C 1590 AAC Coreopsis to 90C (2)1590 AAC Coreopsis or higher rated equipment.,No Change,New Project,2026-06-01,180,277
19966,Georgia Power,SAV,Georgia,SAV: CC - BIG OGEECHEE 500/230KV (CC NETWORK IMPROVEMENTS),SUBSTATION,BIG OGEECHEE,,,,500000,230000,2026-06-01,2023-06-01,2026,219,,,,"Construct a new substation near Little Ogeechee, adjacent to the 500kV and 230kV shared right of way for McCall Road - Thalmann 500kV and the Little Ogeechee - Meldrim 230kV Black and White lines. The new substation will loop in the existing McCall Road - Thalmann 500kV line, the existing Little Ogeechee - Meldrim 230kV lines, and accommodate a new 1344MVA 500/230kV auto transformers with an additional 230kV connection to Little Ogeechee.",No Change,New Project,2026-06-01,180,278
20277,Georgia Power,SAV,Georgia,SAV: MCINTOSH - PURRYSBURG 230KV REACTORS,LINE,MCINTOSH,PURRYSBURG,,,230000,,2026-06-01,2024-01-01,2026,219,,0.1,0.1,Install reactors on the McIntosh - Purrysburg (Black and White) 230kV tie lines at McIntosh. Rebuild 0.1 miles (GPC portion) for both lines to (2) 200C 1351 ACSS conductor.,No Change,New Project,2026-06-01,180,227
20489,Georgia Power,GPC,Georgia,SCOTTDALE RELAY MODERNIZATION,SUBSTATION,SCOTTDALE,,,,230000,115000,2026-06-01,2024-01-01,2026,206,,,,Upgrade protection on 230kV bus and 230/115kV auto transformers at the Scottdale station. Add adequate monitoring on DC supply.,No Change,New Project,2026-06-01,180,221
17900,Georgia Power,GPC,Georgia,UNION CITY - YATES 230 KV WHITE LINE REBUILD,LINE,UNION CITY,YATES,,,230000,,2026-04-01,2023-06-01,2026,208,,23.4,23.4,Rebuild 23.4 miles of the Union City - Yates 230kV White line with bundled 1351 ACSS Martin conductor at 200C.,Delayed in 2026.,New Project,2026-06-01,180,279
20691,Georgia Power,GPC,Georgia,UNION CITY - YATES 230KV (WHITE) SWITCH AND TRAP REPLACEMENT,LINE,UNION CITY,YATES,,,230000,,2026-06-01,2024-05-15,2026,208,,,,Replace the limiting elements at Union City and Yates substations along the Union City - Yates 230kV (White) line.,New Project,New Project,2026-06-01,181,280
20223,Georgia Power,GPC,Georgia,CC - PROJECT PAYTON BAINBRIDGE,UNKNOWN,,,,,230000,,2026-06-30,2024-06-01,2026,216,,,8.5; 10,Split Farley - South Bainbridge 230kV line with a 230kV station (Dothan Road) and bring an 8.5 mile 200C 1351 ACSS 230kV line from Dothan Rd to new customer sub Downrange. Bring another 10mile 200C 1351 ACSS 230kV line from Climax to customer sub Downrange.,New Project,New Project,2026-06-30,181,281
21022,Georgia Power,GPC,Georgia,OHARA BREAKER REPLACEMENT,SUBSTATION,OHARA,,,,115000,,2026-10-01,2025-10-01,2026,208,,,,Replace Breaker on the Ohara - Tara 115kV Line at the Ohara Substation.,New Project,New Project,2026-10-01,181,225
20668,Georgia Power,GPC,Georgia,DRESDEN LINE PROTECTIVE RELAYING,SUBSTATION,DRESDEN,,,,500000,,2026-12-01,2024-12-01,2026,208,,,,"On the O'Hara - Wansley 500kV line, replace the protective relay panels associated with the 500kV line terminal facing Dresden, at both O'Hara and Wansley.",New Project,New Project,2026-12-01,181,222
20874,Georgia Transmission Corporation,GTC,Georgia,GTC: BARNESVILLE PRIMARY- BARNESVILLE #1 115KV RECONDUCTOR,LINE,BARNESVILLE PRIMARY,BARNESVILLE,,,115000,,2026-12-01,2024-06-01,2026,213,,4.53,4.53,Rebuild approximately 4.53 miles of the Barnesville Primary - Barnesville #1 segment on the Barnesville Primary - Lamar County Industrial 115kV line.,New Project,New Project,2026-12-01,181,282
20273,Georgia Transmission Corporation,GTC,Georgia,GTC: DRESDEN 500KV BUS EXPANSION,SUBSTATION,DRESDEN,,,,500000,,2026-12-01,2024-12-01,2026,208,,,,GTC will expand the Dresden 500kV bus into a 5 - element ring bus configuration. Loop the O'Hara - Wansley 500kV line into the Dresden 500kV substation and allow for future Dresden - Talbot 500kV line termination.,No Change,New Project,2026-12-01,181,283
20002,Georgia Transmission Corporation,GTC,Georgia,GTC: GORDON - SANDERSVILLE #1 115KV LINE REBUILD,LINE,GORDON,SANDERSVILLE,,,115000,,2026-12-01,2023-02-01,2026,214,,1.87,1.87,Rebuild the 1.87 miles of Sandersville #1 - Sandersville #6 line section of the Gordon - Sandersville #1 115kV line from 100C ACSR 336 conductor to 100C ACSR 795 conductor.,Project delayed in 2026,New Project,2026-12-01,181,284
20151,Georgia Power,GPC,Georgia,CC - CASS PINE 230/25 NEW SUB - QCELLS - CC IMPROVEMENTS,LINE,CASS PINE,QCELLS,,,230000,25000,2026-12-31,2024-06-01,2026,211,,,,Build a new 230/25kV 8 element ring bus networked substation named Cass Pine that will interconnect between new Great Valley and Hill View 230kV substations.,New Project,New Project,2026-12-31,181,285
19287,Georgia Power,GPC,Georgia,GRADY-WEST END 115KV REBUILD,LINE,GRADY,WEST END,,,115000,,2026-12-31,2022-06-01,2026,206,,2.6,2.6,Reconductor the Grady - West End 115kV line (2.6 miles) using 200C 1351 ACSS Martin.,No Change,Project delayed from 2024 to 2026,2026-12-31,181,286
19363,Georgia Power,GPC,Georgia,MORROW - MOUNTAIN VIEW 115 KV REBUILD,LINE,MORROW,MOUNTAIN VIEW,,,115000,,2026-12-31,2024-01-01,2026,208,,,,Rebuild the Mountain View - Barnett Road section of the Morrow - Mountain View 115kV line with 200C 1351 ACSS Martin conductor.,No Change,New Project,2026-12-31,181,287
18832,MEAG Power,MEAG,Georgia,MEAG: FORTSON 230KV SUBSTATION MODERNIZATION,SUBSTATION,FORTSON,,,,230000,,2027-01-13,2025-01-01,2027,213,,,,"Complete modernization and replacement of obsolete equipment and relays for the 500kV, 230kV, and 115kV yards. Add a redundant relay scheme at Fortson.",Project delayed from 2025 to 2027,Project delayed from 2024 to 2027,2027-01-13,181,223
20509,Georgia Power,GPC,Georgia,CC - EMBLEM RIVERSIDE CUSTOMER SUB (FLEXENTIAL),SUBSTATION,EMBLEM RIVERSIDE,,,,230000,,2027-03-01,2025-06-01,2027,201,,,,"A new customer substation, Emblem Riverside, is being built along the Buzzard Roost - Douglasville 230kV line. Moreover, a Fiber ICON ring is being built in the area to help with communications and protection for all customers in the area.",New Project,New Project,2027-03-01,181,288
19635,Georgia Transmission Corporation,GTC,Georgia,GTC: HICKORY LEVEL - VILLA RICA 230KV LINE RECONDUCTOR,LINE,HICKORY LEVEL,VILLA RICA,,,230000,,2027-05-01,2024-05-01,2027,211,,8.6,8.6,GTC will reconductor from 100C 1351 ACSR to 160C 1351 ACSS on 8.6 miles of 230kV line. A 2000A line trap at Villa Rica will also be replaced with a 3000A line trap.,Project advanced from 2029 to 2027,New Project,2027-05-01,181,289
19601,Georgia Power,GPC,Georgia,MORROW - YATES COMMON 115KV LINE UPGRADE,LINE,MORROW,YATES COMMON,,,115000,,2027-05-01,2024-05-01,2027,208,,5.8,5.8,"On the Fife - Fairburn SW - Owens Corning Tap sections of the Morrow - Yates Common 115kV line, rebuild approximately 5.8 miles of 50C 477 ACSR with 210C 1334 T13 ACCR Martin or 200C 1351.0 ACSS Martin.",New Project,New Project,2027-05-01,181,290
15879,Georgia Power,GPC,Georgia,POSSUM BRANCH - YATES COMMON 115KV REBUILD (YATES TO CLEM),LINE,POSSUM BRANCH,YATES COMMON,,,115000,,2027-05-01,2025-06-01,2027,211,,11.2,11.2,Rebuild 11.2 miles of 100C 477 ACSR with 200C 1334 T13 ACCR Martin or 200C 1351.0 ACSS between Yates Common to Oak Mountain. Replace limiting elements along the line.,New Project,New Project,2027-05-01,181,291
20771,Georgia Power,GPC,Georgia,CC - GULLATT ROAD TRANSMISSION IMPROVEMENTS,SUBSTATION,GULLATT ROAD,,,,115000,,2027-06-01,2024-06-01,2027,208,,,,Upstream Transmission improvements to serve a new customer station being built along the Morrow - Yates Common 115kV and Line Creek - Fairburn #2 115kV lines. Rebuild the Morrow - Yates Common 115kV line from Line Creek to the new Gullatt Road customer station. Rebuild the Line Creek - Fairburn #2 115kV line from Line Creek to the new Gullatt Road customer station. Remove the Owens Corning Tap Connection on the Morrow - Yates Common 115kV line and rebuild the line from North Coweta to Str 1. Build new line section from Str 1 to the new Gullatt Road customer station,New Project,New Project,2027-06-01,182,292
18736,Georgia Power,GPC,Georgia,CC - MICROSOFT - SHUGART (CCO06),LINE,MICROSOFT,SHUGART,,,230000,,2027-06-01,2022-12-31,2027,208,,0.3,0.3,"GPC will rebuild the Line Creek 230kV substation as breaker and a half configuration and connect the Morrow - Yates 230kV line and the Union City - Yates 230kV White line into Line Creek. For the Union City - Yates 230kV Black line, terminate the line from the Yates side into Shugart Farms, and the line from the Union City side into Line Creek. Build two short lines from Line Creek to Shugart Farms (0.3 miles each) with 100C 1351 ACSR Martin conductor.",Project delayed from 2024 to 2027,New project,2027-06-01,182,293
20781,Georgia Power,GPC,Georgia,CC - SUMMER LAKE - VILLA RICA 230KV REBUILD (CC IMPROVMNT),LINE,SUMMER LAKE,VILLA RICA,,,230000,,2027-06-01,2025-06-01,2027,201,,2.5,2.5,Rebuild the 2.5 mile section from Villa Rica to the new East Villa Rica Switching station on the Summer Lake - Villa Rica 230kV line with bundled 200C 1351 ACSS Martin.,New Project,New Project,2027-06-01,182,294
20736,Georgia Power,GPC,Georgia,CC - TA REALTY ELLENWOOD NETWORK IMPROVEMENTS,SUBSTATION,TA REALTY ELLENWOOD,,,,230000,115000,2027-06-01,2024-06-01,2027,208,,14.9,14.9,"Rebuild the ~14.9mi Austin Drive - Morrow 115kV with 200C 1351.5 ACSS Martin. At Austin Drive 115kV, replace the 115/230kV auto transformer along with upgrades other limiting elements at the station.",New Project,New Project,2027-06-01,182,295
20234,Georgia Power,GPC,Georgia,DOYLE - LG&E MONROE 230KV - JACKS CREEK LOOP IN,BOTH,DOYLE,LG&E MONROE,,,230000,,2027-06-01,2027-01-03,2027,212,,,,Loop in and out the new Jack's Creek 230kV switching station into the Doyle - LG&E Monroe 230kV line. This is coordinated with the East Walton Project (TEAMS #09662).,No Change,New Project,2027-06-01,182,296
20858,Georgia Transmission Corporation,GTC,Georgia,GTC: ADAMSVILLE - BUZZARD ROOST 230KV REBUILD,LINE,ADAMSVILLE,BUZZARD ROOST,,,230000,,2027-06-01,2025-06-01,2027,201,,5.0,5,GTC plans to rebuild 5 miles of line from Buzzard Roost to Boat Rock Road with 200C 1351 ACSS Martin.,New Project,New Project,2027-06-01,182,297
20776,Georgia Transmission Corporation,GTC,Georgia,GTC: DOUGLASVILLE - VILLA RICA 230KV REBUILD (CC IMPROVEMENT),LINE,DOUGLASVILLE,VILLA RICA,,,230000,,2027-06-01,2025-06-01,2027,201,,2.5,2.5,Rebuild the 2.5 mile section from Villa to the new East Villa Rica Switching station on the Douglasville - Villa Rica 230kV line with bundled 200C 1351 ACSS Martin.,New Project,New Project,2027-06-01,182,298
20778,Georgia Transmission Corporation,GTC,Georgia,GTC: DOYLE - WINDER PRIMARY 230KV LINE JUMPER REPLACEMENT,LINE,DOYLE,WINDER PRIMARY,,,230000,,2027-06-01,2025-12-31,2027,212,,,,Replace the limiting AAC 1033 jumper with AAC 1590 at Doyle on the Doyle - Winder Primary 230kV line.,New Project,New Project,2027-06-01,182,299
19358,Georgia Transmission Corporation,GTC,Georgia,GTC: EAST MOULTRIE - HIGHWAY 112 230 KV LINE,LINE,EAST MOULTRIE,HIGHWAY 112,,,230000,,2027-06-01,2022-06-01,2027,216,,27.0,27,Build a new 27 miles of 230kV line between HWY 112 and East Moultrie substations with 100C 1351 ACSR conductor.,No Change,New Project,2027-06-01,182,300
09662,Georgia Transmission Corporation,GTC,Georgia,GTC: EAST WALTON 500/230KV PROJECT,SUBSTATION,EAST WALTON,,,,500000,230000,2027-06-01,2023-06-01,2027,212,,,,"GTC: - Construct the East Walton 500/230kV substation. - Construct the Bostwick 230kV switching station. - Construct the East Walton - Rockville 500kV line (3 - 100C 1113 ACSR). - Construct the Bethabara - East Walton 230kV line (170C 1351.5 ACSS). - Construct the Bostwick - East Walton 230kV line (170C 1351.5 ACSS). - Construct the East Walton - Jack's Creek 230kV line (170C 1351.5 ACSS). - At Bethabara, terminate the East Walton 230kV line. - Loop the East Social Circle - East Watkinsville 230kV line into Bostwick. - Replace line trap at East Watkinsville on the Bostwick 230kV line. GPC: - Construct the Rockville 500kV switching station. - Loop the Scherer - Warthen 500kV line into Rockville. - Loop the Doyle - LG&E Monroe 230kV line into Jack's Creek. MEAG: - Construct the Jack's Creek 230kV switching station.",No Change,New Project,2027-06-01,182,301
20505,Georgia Transmission Corporation,GTC,Georgia,GTC: GARRETT RD - V. RICA 230KV LINE RECONDUCTOR (CC NET IM),LINE,GARRETT ROAD,VILLA RICA,,,230000,,2027-06-01,2027-01-01,2027,201,,,11.5; 2.5,"GTC will reconductor the section from East Villa Rica Switching station to Garrett Rd with 160C 1351 ACSS on 11.5 miles of the Garrett Road - Villa Rica 230kV line. Additionally, the 2.5 miles section from East Villa Rica Switching Station to Villa Rica will be rebuilt with bundled 200C 1351 ACSS Martin.",Project advanced from 2029 to 2027,New Project,2027-06-01,182,303
19622,Georgia Transmission Corporation,GTC,Georgia,GTC: RIDDLEVILLE BUS REPLACEMENT,SUBSTATION,RIDDLEVILLE,,,,115000,,2027-06-01,2023-01-09,2027,214,,,,GTC will replace the main 115kV bus at Riddleville substation with higher rating.,Project delayed from 2024 to 2027,New Project,2027-06-01,182,304
19606,Georgia Transmission Corporation,GTC,Georgia,GTC: SKC 115KV BUS AND JUMPER REPLACEMENT,SUBSTATION,SKC,,,,115000,,2027-06-01,2025-06-01,2027,206,,,,Replace the 115kV bus and jumpers at SKC substation with higher rated bus and jumpers with rating higher than 255MVA.,No Change,New Project,2027-06-01,182,305
20020,Georgia Transmission Corporation,GTC,Georgia,GTC: SOUTH HAZLEHURST - NEW LACY 230KV LINE,LINE,SOUTH HAZLEHURST,NEW LACY,,,230000,,2027-06-01,2024-01-15,2027,214,,25.0,25,GTC will build a new 230kV transmission line between South Hazlehurst (bus 2) and New Lacy substation (approximately 25 miles) with 100C ACSR 1351 Martin conductor. Do all the necessary upgrade work to accommodate the additional line in both facilities.,No Change,New Project,2027-06-01,182,306
20506,Georgia Transmission Corporation,GTC,Georgia,GTC: SWITCH WAY - THORNTON ROAD 230KV LINE REBUILD,LINE,SWITCH WAY,THORNTON ROAD,,,230000,,2027-06-01,2025-01-01,2027,201,,1.3,1.3,GTC will rebuild the 1.3 mile Switchway - Thornton Rd 230kV line with 200C 1351 ACSS.,No Change,New Project,2027-06-01,182,307
18668,Georgia Power,GPC,Georgia,JESUP - OFFERMAN 115KV REBUILD,LINE,JESUP,OFFERMAN,,,115000,,2027-06-01,2021-04-06,2027,218,,20.0,20,"Rebuild 20 miles of 100C 4/0 ACSR Penguin conductor along the Jesup - Offerman 115kV line, with 100C 795 ACSR Drake conductor.",No Change,Project delayed from 2024 to 2027,2027-06-01,182,308
10143,Georgia Power,GPC,Georgia,LAWRENCEVILLE - WINDER 115KV LINE REBUILD,LINE,LAWRENCEVILLE,WINDER,,,115000,,2027-06-01,2026-10-15,2027,202,,1.2,1.2,Rebuild approximately 1.2 miles of 100C 636 ACSR conductor from Johns Manville to Winder Primary with 200C 795 ACSS conductor.,No Change,New Project,2027-06-01,183,309
10481,Georgia Power,GPC,Georgia,LAWRENCEVILLE - WINDER PRIMARY 230KV LINE REBUILD,LINE,LAWRENCEVILLE,WINDER PRIMARY,,,230000,,2027-06-01,2024-06-01,2027,202,,15.4,15.4,"Rebuild the entire Lawrenceville - Winder Primary 230kV line, approximately 15.4 miles, using 200C 1351 ACSS ""Martin"" conductor.",Project advanced from 2029 to 2027,New Project,2027-06-01,183,310
20264,MEAG Power,MEAG,Georgia,MEAG: RAY PLACE RD - WARRENTON PRIMARY,LINE,RAY PLACE ROAD,WARRENTON PRIMARY,,,115000,,2027-06-01,2026-01-01,2027,215,,10.0,10,Rebuild 10 miles of Ray Place - Warrenton Primary 115kV line with 100C 2 - 1351 ACSR conductor and replace 1590 AAC Coreopsis jumpers at Warrenton.,Project advanced from 2030 to 2027,New Project,2027-06-01,183,311
19248,Georgia Power,GPC,Georgia,SANDERSVILLE #1 - WADLEY PRI. 115KV REBUILD/RECONDUCTOR,LINE,SANDERSVILLE,WADLEY PRIMARY,,,115000,,2027-06-01,2022-02-15,2027,214,,24.3,24.3,Rebuild approximately 24.3 miles of the Sandersville #1 - Wadley Primary 115kV line from 100C 336 ACSR Linnet conductor to 100C 1351 ACSR Drake conductor. Replace limiting elements in substations along the line.,No Change,New Project,2027-06-01,183,312
20785,Georgia Power,SAV,Georgia,SAV: GOSHEN (SAV) - KRAFT 115KV LINE REBUILD,LINE,GOSHEN,KRAFT,,,115000,,2027-06-01,2024-06-01,2027,219,SAV,9.3,9.3,Rebuild 9.3 miles of Goshen - Kraft 115kV line from Kraft - Godley J - Rice Hope from 100C 795 ACSR Drake to 200C 1351 ACSS Martin.,New Project,New Project,2027-06-01,183,313
20065,Georgia Power,SAV,Georgia,SAV: GOSHEN (SAV) - MCINTOSH 115KV LINE REBUILD,LINE,GOSHEN,MCINTOSH,,,115000,,2027-06-01,2025-06-01,2027,219,SAV,6.7,6.7,"Rebuild the Goshen (Savannah) - Georgia Pacific (Rincon) section, approximately 6.7 miles, of the Goshen (Sav) - McIntosh 115kV line using 100C 795 ACSR Drake conductor.",No Change,New Project,2027-06-01,183,314
20717,Georgia Power,GPC,Georgia,CC - TOMOCHICHI 500/230KV SOLUTION (CC NETWORK IMPROVEMENTS),SUBSTATION,TOMOCHICHI,,,,500000,230000,2027-07-15,2024-06-01,2027,208,,,,"Build the new Tomochichi 500/230kV switching station (four element ring bus 500kV high side, four element breaker and a half 230kV low side) splitting the Ohara - Schere 500kV line. Build two new 230kV lines from the new Tomochichi substation to the new Towaliga River 230kV substation.",New Project,New Project,2027-07-15,183,315
18573,Georgia Power,GPC,Georgia,GRID - ARKWRIGHT - LLOYD SHOALS 115KV,LINE,ARKWRIGHT,LLOYD SHOALS,,,115000,,2027-07-30,2021-06-01,2027,214,,,,Rebuild the Arkwright - Lloyd Shoals 115kV line with 100C 795 ACSR Drake.,Project delayed from 2024 to 2027,Project delayed from 2024 to 2027. Previously listed under TEAMS #12016.,2027-07-30,183,316
20591,Georgia Transmission Corporation,GTC,Georgia,GTC: EATONTON PRIMARY (035591) - LICK CREEK 115KV REBUILD,LINE,EATONTON PRIMARY,LICK CREEK,,,115000,,2027-12-01,2023-10-01,2027,214,,7.5,7.5,Rebuild approximately 7.5 miles Eatonton Primary - Lick Creek 115kV line section with 100C 795 ACSR conductor.,No Change,New Project,2027-12-01,183,317
17977,Georgia Power,GPC,Georgia,ATHENA - EAST WATKINSVILLE 115 KV (REBUILD),LINE,ATHENA,EAST WATKINSVILLE,,,115000,,2027-12-31,2024-08-01,2027,212,,8.47,8.47,Rebuild 8.47 miles of the University of Georgia - East Watkinsville line sections on the Athena - East Watkinsville 115kV line with 100C ACSR 1033 conductor.,Delayed from 2026 to 2027,New Project,2027-12-31,183,318
20150,Georgia Power,GPC,Georgia,CC - HILL VIEW & GRASSY HOLLOW SUB - CC IMPROVEMENTS,MULTI_SITE,HILL VIEW,GRASSY HOLLOW,,,230000,,2027-12-31,2023-06-01,2027,211,,,8.5; 10.1,Build two 230kV switching stations (Hill View and Grassy Hollow) looping into the Cartersville - McGrau Ford 230kV line (8.5 miles apart). Build two new 230kV lines: Cass Pine - Great Valley and Great Valley - Grassy Hollow (total 10.1 miles) with 200C 1351 ACSS Martin.,Project delayed from 2024 to 2027,New Project,2027-12-31,183,319
20024,Georgia Power,GPC,Georgia,DYER ROAD - EAST ROANOKE 115KV (REBUILD),LINE,DYER ROAD,EAST ROANOKE,,,115000,,2027-12-31,2025-06-01,2027,211,,20.7,20.7,Rebuild 20.7 miles of 75C 397.5 ACSR conductor with advanced conductor from Dyer Road to Wansley tap on the Dyer Road - East Roanoke (APC) 115kV line.,New Project,New Project,2027-12-31,183,320
19997,Georgia Power,GPC,Georgia,AULTMAN ROAD-PERRY 115KV LINE REBUILD,LINE,AULTMAN ROAD,PERRY,,,115000,,2028-06-01,2025-06-01,2028,214,,,,Rebuild the PPG J2 - Langston Road line section of the Aultman Road - Perry 115kV line from 100C 336 ACSR Linnet conductor to 200C 1351 ACSS conductor.,New Project,New Project,2028-06-01,183,321
20797,Georgia Power,GPC,Georgia,CC - EAST VILLA RICA AREA SWITCHING STATION (CC IMPROVEMENT),SUBSTATION,EAST VILLA RICA,,,,230000,,2028-06-01,2025-06-01,2028,201,,2.5,2.5,Build a 7 rung breaker and a half switching station along the right of way of the (3) 230kV lines about 2.5 miles East of Villa Rica to service recently signed customers in the area. All three lines will terminate into this station.,New Project,New Project,2028-06-01,183,322
20774,Georgia Power,GPC,Georgia,CC - VILLA RICA UPGRADES (CC NETWORK IMPROVEMENTS),SUBSTATION,VILLA RICA,,,,500000,230000,2028-06-01,2026-06-01,2028,211,,,,Loop in the Bowen - Union City line into Villa Rica 500kV bus and add a second 2016 MVA 500/230kV auto transformer. Convert the 230kV side to a 10 element breaker and a half scheme.,New Project,New Project,2028-06-01,183,323
21048,Georgia Power,GPC,Georgia,FITZGERALD - PITTS 115 KV LINE REBUILD,LINE,FITZGERALD,PITTS,,,115000,,2028-06-01,2025-06-01,2028,214,,26.14,26.14,Rebuild approximately 26.14 miles of the Fitzgerald - Pitts 115kV line with 200C 1351 ACSS.,New Project,New Project,2028-06-01,184,324
08458,Georgia Transmission Corporation,GTC,Georgia,GTC: BARNESVILLE - SOUTH GRIFFIN 230KV PROJECT,LINE,BARNESVILLE,SOUTH GRIFFIN,,,230000,,2028-06-01,2026-01-01,2028,213,,19.0,19,"Construct 19 miles of 230kV circuit, on existing ROW, using200C 1351 ACSS conductor from South Griffin 230/115kV substation to the Barnesville 230/69kV substation.",New Project,New Project,2028-06-01,184,325
20503,Georgia Transmission Corporation,GTC,Georgia,GTC: BARNEYVILLE - EAST MOULTRIE 115KV NEW LINE,LINE,BARNEYVILLE,EAST MOULTRIE,,,115000,,2028-06-01,2025-06-01,2028,216,,20.0,20,Build a new 20 miles of 115kV line with 200C 1351 ACSS from Barneyville to East Moultrie. Add 115kV breakers to Barneyville and East Moultrie substations.,No Change,New Project,2028-06-01,184,326
20873,Georgia Transmission Corporation,GTC,Georgia,GTC: BONAIRE PRIMARY 500/230KV XFMR REPLCMNT & RELAY MOD,SUBSTATION,BONAIRE PRIMARY,,,,500000,230000,2028-06-01,2024-03-14,2028,214,,,,"Replace 500/230kV, auto transformer C with a new 448 MVA transformer. Replace obsolete relay panels.",New Project,New Project,2028-06-01,184,327
19992,Georgia Transmission Corporation,GTC,Georgia,GTC: BOSTWICK - EAST SOCIAL CIRCLE 230KV RECONDUCTOR,LINE,BOSTWICK,EAST SOCIAL CIRCLE,,,230000,,2028-06-01,2024-12-31,2028,212,,10.8,10.8,Reconductor 10.8 miles of the East Social Circle - East Watkinsville 230kV line (up to future Bostwick location) from 1033 ACSR Curlew conductor to 1033 ACCR 200C conductor.,Project advanced from 2030 to 2028,New Project,2028-06-01,184,328
20777,Georgia Power,GPC,Georgia,JACK MCDONOUGH - NORTHWEST (BLACK) 230KV RECONDUCTOR,LINE,JACK MCDONOUGH,NORTHWEST,,,230000,,2028-06-01,2025-06-01,2028,206,,4.59,4.59,Rebuild the Jack McDonough - Northwest (Black) 230kV line (4.59 miles) using 200C 1351 Elbrus/TW.,New Project,New Project,2028-06-01,184,329
19629,MEAG Power,MEAG,Georgia,MEAG: BRUMBLEY CREEK - SOUTH BAINBRIDGE 115KV REBUILD,LINE,BRUMBLEY CREEK,SOUTH BAINBRIDGE,,,115000,,2028-06-01,2024-01-01,2028,216,,2.1,2.1,Rebuild 2.1 miles segment from line tap into Roddenbery Station on the South Bainbridge - Thomasville 115kV line from 50C ACSR TW 762.8 to 200C 1351 ACSS conductor.,Project delayed from 2025 to 2028,New Project,2028-06-01,184,330
19630,MEAG Power,MEAG,Georgia,MEAG: THOMASVILLE 230/115KV AUTOBANK REPLACEMENT,SUBSTATION,THOMASVILLE,,,,230000,115000,2028-06-01,2027-06-01,2028,216,,,,Replace the 140MVA 230/115kV auto transformer #4 at Thomasville substation.,Project advanced from 2029 to 2028,New Project,2028-06-01,184,331
20482,Georgia Power,GPC,Georgia,PITTMAN ROAD - WEST POINT DAM (USA) 115KV REBUILD,LINE,PITTMAN ROAD,WEST POINT DAM,,,115000,,2028-06-01,2025-06-01,2028,213,USA,3.0,3,Rebuild 3 miles from the Pittman Road 115kV station to the West Point Dam (USA) 115kV station with 100C 1351 ACSS Martin conductor. Replace AAC 750 jumper at Pittman Road 115kV with (2) 1590 AAC.,Project advanced from 2031 to 2028,New Project,2028-06-01,184,332
20656,Georgia Power,GPC,Georgia,PLANT YATES BREAKER AND HALF STATION,SUBSTATION,PLANT YATES,,,,,,2028-06-01,2024-05-01,2028,208,,,,Rebuild the Yates 6 & 7 substation to a Breaker and a Half configuration.,New Project,New Project,2028-06-01,184,333
20783,Georgia Power,SAV,Georgia,SAV: COLEMAN - DEAN FOREST 115KV LINE REBUILD,LINE,COLEMAN,DEAN FOREST,,,115000,,2028-06-01,2025-06-01,2028,219,,6.67,6.67,Rebuild entire line from Coleman to Dean Forest. 6.67 miles of 100C 477 Hawk Conductor with 200C 1351 ACSS Martin conductor.,New Project,New Project,2028-06-01,184,334
20407,Georgia Power,SAV,Georgia,SAV: MAGNOLIA - TRUMAN PARKWAY 115KV REBUILD,LINE,MAGNOLIA,TRUMAN PARKWAY,,,115000,,2028-06-01,2025-06-01,2028,219,,3.0,3,Rebuild 3 miles of the Magnolia - Truman Parkway 115kV from 75C 927 ACAR to 200C 1351 ACSS Martin conductor or higher rated conductor. Upgrade 1200A switches at Magnolia substation to 2000A switches and jumpers at Truman Parkway.,No Changes,New Project,2028-06-01,184,335
21069,Georgia Power,GPC,Georgia,SMART VALVES AT EAST VILLA RICA SWITCHING STATION,SUBSTATION,EAST VILLA RICA,,,,230000,,2028-06-01,2028-06-01,2028,201,,,,Installation of Power Flow Controllers at the new East Villa Rica Switching Station on the Douglasville - Villa Rica 230kV and Summer Lake - Villa Rica 230kV lines. The Power Flow Controllers will be removed when GTCs strategic project at Cavender Drive goes in service.,New Project,New Project,2028-06-01,184,336
20768,Georgia Power,GPC,Georgia,SOUTH MACON 115KV BUSES 1 & 2 REPLACEMENT,SUBSTATION,SOUTH MACON,,,,115000,,2028-06-01,2025-01-15,2028,214,,,,Replace the 115kV buses 1 and 2 at South Macon with (2) 1590 AAC.,New Project,New Project,2028-06-01,184,337
20274,Georgia Power,GPC,Georgia,UNION CITY - YATES 230KV (BLACK) LINE REBUILD,LINE,UNION CITY,YATES,,,230000,,2028-06-01,2025-06-01,2028,208,,,,"Rebuild the Union City - Yates 230kV Black line with bundled 200C 1351 ACSS Martin conductor. Replace limiting elements at Union City, Fairburn #1 and Line Creek substations.",No Change,New Project,2028-06-01,184,338
13166,Georgia Power,GPC,Georgia,FIRST AVENUE - NORTH COLUMBUS 115KV LINE REBUILD,LINE,FIRST AVENUE,NORTH COLUMBUS,,,115000,,2028-12-01,2028-01-01,2028,213,,0.9,0.9,Rebuild the 0.9 miles North Columbus - First Avenue 115kV line (currently 75C 657 ACAR) with 200C 1351 ACSS conductor.,New Project,New Project,2028-12-01,184,339
20586,Georgia Transmission Corporation,GTC,Georgia,GTC: NORTH DUBLIN 230/115KV TRANSFORMERS AND BUS-TIE BREAKER,SUBSTATION,NORTH DUBLIN,,,,230000,115000,2028-12-01,2023-11-01,2028,214,,,,"Replace 230/115kV auto transformers A & B with (2) new 230/115kV, 400 MVA auto transformers. Replace 230kV bus tie breaker with a new 2000A breaker. Replace 115kV bus tie breaker with a new 2000A breaker.",No Change,New Project,2028-12-01,185,340
21062,Georgia Power,GPC,Georgia,ASHLEY PARK-WANSLEY 500KV,LINE,ASHLEY PARK,WANSLEY,,,500000,,2029-06-01,2024-12-01,2029,208,,35.0,35,"Construct a 500kV line from Ashley Park to Wansley, approximately 35 miles long.",New Project,New Project,2029-06-01,185,341
10222,Georgia Power,GPC,Georgia,BLAKELY PRIMARY - HUCKLEBERRY 115KV REBUILD,LINE,BLAKELY PRIMARY,HUCKLEBERRY,,,115000,,2029-06-01,2025-06-01,2029,216,,13.5,13.5,Rebuild the Blakley Primary - Huckleberry 115kV line from 75C 477 ACSR to 200C 1351 ACSS. (13.5 miles) GPC: Replace jumpers at Blakely Primary GTC: Replace jumpers at Blakely and Huckleberry,New Project,New Project,2029-06-01,185,342
21047,Georgia Power,GPC,Georgia,BROADWAY - ECHECONNEE 115 KV LINE REBUILD,LINE,BROADWAY,ECHECONNEE,,,115000,,2029-06-01,2025-01-01,2029,214,,,,Rebuild the Griffin Rd - Echeconnee line section of Broadway - Echeconnee line with 200C 1351 ACSS conductor.,New Project,New Project,2029-06-01,185,343
16887,Georgia Power,GPC,Georgia,BUTLER - THOMASTON 230KV LINE CONVERSION,LINE,BUTLER,THOMASTON,,,230000,,2029-06-01,2025-01-01,2029,213,,,,Rebuild the radial Thomaston - Butler 115kV line to 230kV network operation. Make all necessary upgrades and accommodations at Butler and Thomaston. Convert the Wesley substation from 115kV to 230kV.,New Project,New Project,2029-06-01,185,344
21036,Georgia Power,GPC,Georgia,BUZZARD ROOST - FACTORY SHOALS 230KV NEW LINE,LINE,BUZZARD ROOST,FACTORY SHOALS,,,230000,,2029-06-01,2026-06-01,2029,201,,2.0,2,A new 2 mile 230kV line is being built from Buzzard Roost to Factory Shoals with 200C 1351 ACSS Martin conductor.,New Project,New Project,2029-06-01,185,345
21142,Georgia Power,GPC,Georgia,CONYERS - KLONDIKE 230 KV SECOND LINE,LINE,CONYERS,KLONDIKE,,,230000,,2029-06-01,2026-06-01,2029,206,,6.56,6.56,Build a new 6.56 mile line from Conyers to Klondike with 200C (2) 1351 ACSS Martin conductor. Build one new 230kV breaker terminal at Conyers and one new 230kV terminal at Klondike.,New Project,New Project,2029-06-01,185,346
21138,Georgia Power,GPC,Georgia,GLENWOOD SPRINGS - PORTERDALE PRIMARY 230KV LINE SWITCH REPL,LINE,GLENWOOD SPRINGS,PORTERDALE PRIMARY,,,230000,,2029-06-01,2029-06-01,2029,206,,,,Replace the 600A line switch at Porterdale Primary on the Glenwood Springs - Porterdale Primary 230kV Line with 1200A switch.,New Project,New Project,2029-06-01,185,347
21112,Georgia Transmission Corporation,GTC,Georgia,GTC: BARNESVILLE PRIMARY - THOMASTON 230KV,LINE,BARNESVILLE PRIMARY,THOMASTON,,,230000,,2029-06-01,2027-06-01,2029,213,,13.24,13.24,Rebuild Barnesville Primary - Thomaston 230kV line (13.24 miles) with 100C 1351 ACSS; Replace 1200A switches at Barnesville Primary & Thomaston with 3000A switch; replace associated jumper at both stations.,New Project,New Project,2029-06-01,185,348
10814,Georgia Transmission Corporation,GTC,Georgia,GTC: BAY CREEK 230/115KV SECOND AUTO TRANSFORMER,SUBSTATION,BAY CREEK,,,,230000,115000,2029-06-01,2028-06-01,2029,202,,,,"Install a second 230/115kV, 400 MVA auto transformer at the Bay Creek substation.",No Change,New Project,2029-06-01,185,349
21140,Georgia Transmission Corporation,GTC,Georgia,GTC: BONAIRE PRIMARY - EASTMAN PRIMARY 115 KV LINE REBUILD,LINE,BONAIRE PRIMARY,EASTMAN PRIMARY,,,115000,,2029-06-01,2026-01-01,2029,214,,41.08,41.08,Rebuild 41.08 miles of the Bonaire Primary - Eastman Primary 115kV Line using 200C 1351ACSS Martin and upgrade the bus at Roddy substation.,New Project,New Project,2029-06-01,185,350
20849,Georgia Transmission Corporation,GTC,Georgia,GTC: CLIFTONDALE - LINE CREEK 230KV LINE,LINE,CLIFTONDALE,LINE CREEK,,,230000,,2029-06-01,2026-06-01,2029,201,,11.6,11.6,An 11.6 mile 230kV line is being built form Cliftondale to Line Creek with 200C 1351 ACSS Martin.,New Project,New Project,2029-06-01,185,351
19950,Georgia Transmission Corporation,GTC,Georgia,GTC: DRESDEN - TALBOT 500KV LINE,LINE,DRESDEN,TALBOT,,,500000,,2029-06-01,2025-06-01,2029,213,,75.0,75,GTC will build a new 500kV line from Talbot to Dresden (75 miles). This project will create a new Talbot 500/230kV substation with a 500/230kV auto transformers. The low side of the auto transformers will connect to the Talbot County #1 and #2 230kV buses.,No Change,New Project,2029-06-01,185,352
20760,Georgia Transmission Corporation,GTC,Georgia,GTC: HOPEWELL 230/115 KV BANK A,SUBSTATION,HOPEWELL,,,,230000,115000,2029-06-01,2028-06-01,2029,202,,,,Replace the Hopewell 230/115kV auto transformer with a 400 MVA auto transformer.,New Project,New Project,2029-06-01,185,353
21123,Georgia Transmission Corporation,GTC,Georgia,GTC: TENASKA - WANSLEY 500KV NEW LINE,LINE,TENASKA,WANSLEY,,,500000,,2029-06-01,2024-12-01,2029,201,,5.0,5,Construct a 5 mile long 500kV line between Tenaska and Wansley. Make all necessary accommodations at the substations for the line termination.,New Project,New Project,2029-06-01,185,354
21141,Georgia Power,GPC,Georgia,LLOYD SHOALS - PORTERDALE PRIMARY 115KV REBUILD,LINE,LLOYD SHOALS,PORTERDALE PRIMARY,,,115000,,2029-06-01,2026-03-01,2029,206,,15.8,15.8,Rebuild 15.8 miles of 50C 397.5 ACSR Ibis with 200C 1351 ACSS Martin from Jackson Lake to Lloyd Shoals and Jackson Lake to South. Covington Junction.,New Project,New Project,2029-06-01,185,355
20285,Georgia Power,GPC,Georgia,LOWER RIVER - WEBB (APC) 115KV RECONDUCTOR,LINE,LOWER RIVER,WEBB,,,115000,,2029-06-01,2025-06-01,2029,216,APC,0.97,0.97,Reconductor 0.97 miles of 100C 636 Grosbeak Lower River - Webb 115kV line with 200C 795 ACSS Drake conductor.,Project advanced from 2030 to 2029,New Project,2029-06-01,185,356
19621,Georgia Power,GPC,Georgia,MCEVER ROAD - SHOAL CREEK 115KV REBUILD,LINE,MCEVER ROAD,SHOAL CREEK,,,115000,,2029-06-01,2024-12-31,2029,212,,,1; 2.05,"Rebuild the 636 ACSR (1 mile) of the McEver Road - College Square section, and 2 - 4/0 copper part (2.05 miles) of the College Square to Lakeside WTP B line section, part of the McEver Road - Shoal Creek 115kV line, using 200C 1351 ACSS conductor.",No Change,New Project,2029-06-01,186,357
20346,Georgia Power,GPC,Georgia,MCMANUS - WEST BRUNSWICK 115KV REBUILD,LINE,MCMANUS,WEST BRUNSWICK,,,115000,,2029-06-01,2026-01-01,2029,218,,5.7,5.7,"Rebuild the McManus - West Brunswick 115kV line, approximately 5.7 miles, with 200C 1351 ACSS Martin conductor.",No Change,New Project,2029-06-01,186,358
17706,MEAG Power,MEAG,Georgia,MEAG: AULTMAN ROAD - FORT VALLEY #1 115 KV REBUILD,LINE,AULTMAN ROAD,FORT VALLEY,,,115000,,2029-06-01,2026-06-01,2029,214,,8.0,8,Rebuild approximately 8 miles of the Aultman Road - Fort Valley #1 115kV line with 200C 1351 ACSS conductor.,New Project,New Project,2029-06-01,186,359
11051,MEAG Power,MEAG,Georgia,MEAG: SLAPPEY DRIVE - WESTOVER 115KV LINE REBUILD,LINE,SLAPPEY DRIVE,WESTOVER,,,115000,,2029-06-01,2026-06-01,2029,216,,2.92,2.92,Rebuild 2.92 miles of 100C sagged 477 ACSR Hawk conductor from Slappey Drive to Albany #9 with 1351 ACSR.,No Change,New Project,2029-06-01,186,360
20757,Georgia Power,GPC,Georgia,NORCROSS - NORTH DRUID HILLS 115KV REBUILD,LINE,NORCROSS,NORTH DRUID HILLS,,,115000,,2029-06-01,2025-01-01,2029,202,,3.9,3.9,"Rebuild the Norcross - Norcross Junction (674) segment, approximately 3.9 miles, from 100C 477 ACSR Hawk conductor to 200C 1351 ACSS ""Martin"" conductor.",New Project,New Project,2029-06-01,186,361
21006,Georgia Power,SAV,Georgia,SAV: BOULEVARD - MAGNOLIA 115 KV LINE REBUILD,LINE,BOULEVARD,MAGNOLIA,,,115000,,2029-06-01,2027-01-01,2029,219,,4.56,4.56,Rebuild the entire line from Boulevard to Magnolia (4.56 miles) from 100C 795 ACSR Drake to 200C 1351 ACSS Martin,New Project,New Project,2029-06-01,186,362
21023,Georgia Power,SAV,Georgia,SAV: DEAN FOREST - LITTLE OGEECHEE 230 KV REBUILD,LINE,DEAN FOREST,LITTLE OGEECHEE,,,230000,,2029-06-01,2026-01-01,2029,219,,8.0,8,"Rebuild the entire line from Little Ogeechee - Salt Creek and Salt Creek - Dean Forest, approximately 8 miles, using 200C 1351 ACSS/Martin. Upgrade jumpers at the Little Ogeechee terminal.",New Project,New Project,2029-06-01,186,363
20989,Georgia Power,SAV,Georgia,SAV: RICE HOPE NEW AUTO TRANSFORMER,SUBSTATION,RICE HOPE,,,,230000,115000,2029-06-01,2025-06-01,2029,219,,,,Install a new 230/115kV 400MVA auto transformer at Rice Hope and loop in the Crossgate - McIntosh 230kV line.,New Project,New Project,2029-06-01,186,364
13628,Georgia Power,GPC,Georgia,SOUTH BAINBRIDGE - SINAI (FPL) 115KV LINE RECONDUCTOR,LINE,SOUTH BAINBRIDGE,SINAI,,,115000,,2029-06-01,2025-06-01,2029,216,FPL,,9.8; 13.75,Rebuild the Four Mile tap - Recovery - Sinai (FPL) segment of the Sinai (FPL) - South Bainbridge 115kV line from 100C 336.4 ACSR to 200C 1351 ACSS. 9.8 miles in FPL and 13.75 miles in GPC At Recovery (GTC): Replace 100C 336.4 ACSR string bus with higher rating and jumpers with (1) 1590 AAC At Sinai (FPL): Replace 100C 336.4 ACSR string bus with higher rating,New Project,New Project,2029-06-01,186,365
20248,Georgia Power,GPC,Georgia,BAY CREEK - CONYERS 230KV REBUILD,LINE,BAY CREEK,CONYERS,,,230000,,2029-12-31,2031-06-01,2029,202,,15.29,15.29,"GPC will rebuild the Bay Creek - Conyers 230kV line, approximately 15.29 miles, using 200C 1351 ACSS ""Martin"" conductor.",New Project,New Project,2029-12-31,186,366
21129,Georgia Power,GPC,Georgia,ANNISTON - HAMMOND 230KV LINE,LINE,ANNISTON,HAMMOND,,,230000,,2030-06-01,2025-06-01,2030,211,,28.12,28.12,Rebuild the 28.12 miles section between Hammond and the Goshen tap with 200C 1351 ACSS Martin conductor.,New Project,New Project,2030-06-01,186,367
20764,Georgia Power,GPC,Georgia,ATKINSON - NORTHSIDE DRIVE 115KV REBUILD,LINE,ATKINSON,NORTHSIDE DRIVE,,,115000,,2030-06-01,2027-06-01,2030,201,,3.2,3.2,"Rebuild a portion of the Atkinson - Northside 115kV line, approximately 3.2 miles from Atkinson to Chattahoochee with 200C 1351 ACSS Martin.",New Project,New Project,2030-06-01,186,368
20761,Georgia Power,GPC,Georgia,ATKINSON - NORTHWEST 115KV REBUILD,LINE,ATKINSON,NORTHWEST,,,115000,,2030-06-01,2027-06-01,2030,201,,1.2,1.2,Rebuild the 1.2 mile Atkinson - Tilford Yards section of the Atkinson - Northwest 115kV with 200C 1351 ACSS Martin.,New Project,New Project,2030-06-01,186,369
21130,Georgia Power,GPC,Georgia,CC - NORTH GEORGIA DATA NETWORK UPGRADES,SUBSTATION,NORTH GEORGIA,,,,115000,46000,2030-06-01,2026-06-01,2030,212,,7.0,7,Construct approximately 7 miles of 115kV line with minimum 170C 1351 ACSS conductor from Gillsville Tap Junction to Midway. Utilize the existing GPC owned North Jackson - Lawrence Smith 46kV ROW that is to be retired. Disconnect the East Maysville 115kV tap at Midway 115kV and terminate the new Pond Fork - Midway 115kV line.,New project,New project,2030-06-01,186,370
10478,Georgia Power,GPC,Georgia,CORNELIA - TALLULAH LODGE 115KV REBUILD,LINE,CORNELIA,TALLULAH LODGE,,,115000,,2030-06-01,2027-06-01,2030,212,,9.7,9.7,Rebuild approximately 9.7 miles of the Cornelia - Chase Road - Clarksville - Hollywood segments of the Cornelia - Tallulah Lodge 115kV line with 200C 795 ACSS conductor.,New Project,New Project,2030-06-01,186,371
18669,Dalton Utilities,DU,Georgia,DU: DAWSON CROSSING - NELSON (WHITE) 115 KV REBUILD,LINE,DAWSON CROSSING,NELSON,,,115000,,2030-06-01,2024-12-31,2030,212,,15.7,15.7,Rebuild approximately 15.7 miles of the Dawson Crossing - Etowah - Reavis Mountain - Nelson sections of the Dawson Crossing - Nelson (White) 115kV line with 1351 ACSS conductor. GPC will make any necessary relaying changes at Dawson Crossing.,New Project,Project delayed from 2028 to 2030,2030-06-01,186,372
21097,Georgia Power,GPC,Georgia,EAST POINT - TRIBUTARY 230KV REBUILD,LINE,EAST POINT,TRIBUTARY,,,230000,,2030-06-01,2027-06-01,2030,201,,2.9,2.9,Rebuild the 2.9 mile section from Cavender Drive to Marietta 25 with 200C 1351 ACSS conductor on the East Point - Tributary 230kV line.,New Project,New Project,2030-06-01,186,373
20480,Georgia Power,GPC,Georgia,EAST POINT - UNION CITY 230KV BLACK LINE RECONDUCTOR,LINE,EAST POINT,UNION CITY,,,230000,,2030-06-01,2028-06-01,2030,208,,1.5,1.5,Reconductor the 1.5 mile section from Flat Shoals Road station to the Stonewall Tell loop - in point on the East Point - Union City 230kV Black line with 200C 1351 ACSS Martin conductor. Replace limiting elements at Union City,Project advanced from 2031 to 2030,New Project,2030-06-01,187,374
19627,Georgia Power,GPC,Georgia,ECHECONNEE-WELLSTON 115KV LINE REBUILD,LINE,ECHECONNEE,WELLSTON,,,115000,,2030-06-01,2023-06-01,2030,214,,11.8,11.8,Rebuild approximately 11.8 miles of the Echeconnee - Wellston 115kV line with 200C 1351 ACSS conductor and the limiting elements along the line with higher ratings. Replace the Bus at North Warner Robins with 1590 AAC.,New Project,New Project,2030-06-01,187,375
21063,Georgia Power,GPC,Georgia,FARLEY (APC)-TAZEWELL 500KV,LINE,FARLEY,TAZEWELL,,,500000,,2030-06-01,2024-12-01,2030,216,APC,120.0,120,"Construct a new 500kV line from Farley (APC) to Tazewell substation, approximately 120 miles long. Construct a 5 breaker 500kV ring bus to loop in the Blacksmith - Talbot 500kV line, terminate the new Farley - Tazewell 500kV and Talbot #2 - Tazewell 500kV lines. Install a 500/230kV auto transformer to connect to the existing 230kV switchyard.",New Project,New Project,2030-06-01,187,376
12120,Georgia Power,GPC,Georgia,GAINESVILLE #2 - MCEVER ROAD 115 KV REBUILD,LINE,GAINESVILLE,MCEVER ROAD,,,115000,,2030-06-01,2025-12-31,2030,212,,5.3,5.3,Rebuild approximately 5.3 miles of the Gainesville #2 - McEver Rd 115kV line with 200C 1351 ACSS conductor.,New Project,New Project,2030-06-01,187,377
20298,Georgia Power,GPC,Georgia,GLENWOOD SPRINGS - LAKE OCONEE 115KV LINE REBUILD,LINE,GLENWOOD SPRINGS,LAKE OCONEE,,,115000,,2030-06-01,2027-06-01,2030,214,,,,Rebuild the North Eatonton Junction - Putnam Sawmill Junction line with 200C 1351 ACSS conductor.,Advance to 2030 from 2033.,New Project,2030-06-01,187,378
21128,Georgia Power,GPC,Georgia,GOAT ROCK REACTORS INSTALLATION,SUBSTATION,GOAT ROCK,,,,230000,,2030-06-01,2028-06-01,2030,213,,,,Install 1% series reactors on the Fortson - Goat Rock (Black) 230kV and Fortson - Goat Rock (White) 230kV.,New Project,New Project,2030-06-01,187,379
19996,Georgia Power,GPC,Georgia,GOLDENS CREEK - WARRENTON PRIMARY 230KV REBUILD,LINE,GOLDENS CREEK,WARRENTON PRIMARY,,,230000,,2030-06-01,2028-06-01,2030,215,,0.34,0.34,Rebuild approximately 0.34 miles of the Goldens Creek - Warrenton Primary 230kV line from 100C 1 - 1351.5 ACSR Martin conductor to 200C 1351 ACCR Martin conductor or equivalent.,No Change,New Project,2030-06-01,187,380
20428,Georgia Power,GPC,Georgia,GORDON-SANDERSVILLE #1 115KV LINE REBUILD (DEEPSTEP-SAND #6),LINE,GORDON,SANDERSVILLE,,,115000,,2030-06-01,2023-12-01,2030,214,,,7.6; 2.23; 0.66; 10.49,"Rebuild the Deepstep - Robins Spring (7.6 miles) Robins Spring - Kaolin J (2.23mi), and Kaolin J - Sandersville #6 (0.66 miles) line sections of the Gordon - Sandersville #1 115kV line. Rebuild a total of 10.49 miles from 100C 336 ACSR to 100C ACSR 795 conductor.",No Change,New Project,2030-06-01,187,381
21116,Georgia Power,GPC,Georgia,GOSHEN AREA STRATEGIC SOLUTION,SUBSTATION,GOSHEN,,,,230000,,2030-06-01,2025-06-01,2030,215,,12.3,12.3,"Construct a 230kV switching station on the Waynesboro - Wilson 230kV line and a new 230kV line between the switching station and Goshen, approximately 12.3 miles. Provides an alternate power flow path into Goshen outside of the existing constrained Goshen - Vogtle corridor.",New Project,New Project,2030-06-01,187,382
21073,Georgia Transmission Corporation,GTC,Georgia,GTC: BIG SMARR - TOMOCHICHI 500KV,LINE,BIG SMARR,TOMOCHICHI,,,500000,,2030-06-01,2024-12-01,2030,208,,36.0,36,"Construct a 500kV line from Big Smarr to Tomochichi, approximately 36 miles long. Make the necessary modifications at Big Smarr and Tomochichi to add breakers and terminate the line.",New Project,New Project,2030-06-01,187,383
21014,Georgia Transmission Corporation,GTC,Georgia,GTC: BUZZARD ROOST - CAVENDER DRIVE 230KV NEW LINE,LINE,BUZZARD ROOST,CAVENDER DRIVE,,,230000,,2030-06-01,2026-06-01,2030,201,,7.0,7,GTC is building a new 7 mile 230kV line from Cavender Drive to Buzzard Roost with 200C 1351 ACSS Martin.,New Project,New Project,2030-06-01,187,384
21013,Georgia Transmission Corporation,GTC,Georgia,GTC: CAVENDER DRIVE 500/230KV AUTOBANK,SUBSTATION,CAVENDER DRIVE,,,,500000,230000,2030-06-01,2026-06-01,2030,201,,,,"GTC will turn Cavender Drive into a 500/230kV station looping in the Villa Rica - Union City 500kV line, installing a 2016 MVA auto transformer.",New Project,New Project,2030-06-01,187,385
20375,Georgia Transmission Corporation,GTC,Georgia,GTC: EAST WATKINSVILLE 230 KV STATION MODIFICATION,SUBSTATION,EAST WATKINSVILLE,,,,230000,,2030-06-01,2028-06-01,2030,212,,,,Replace the 1600A reactors at East Watkinsville on the Russell Dam 230kV line with larger size.,New Project,New Project,2030-06-01,187,386
21111,Georgia Transmission Corporation,GTC,Georgia,GTC: HARTWELL DAM - HARTWELL ENERGY 230KV SERIES REACTORS,LINE,HARTWELL DAM,HARTWELL ENERGY,,,230000,,2030-06-01,2027-06-01,2030,212,,,,GTC: Replace the 1600A series reactors on the Hartwell Dam - Hartwell Energy 230kV line with 3000A.,New Project,New Project,2030-06-01,187,228
21113,Georgia Transmission Corporation,GTC,Georgia,GTC: HARTWELL ENERGY - MIDDLE FORK 230KV LINE,LINE,HARTWELL ENERGY,MIDDLE FORK,,,230000,,2030-06-01,2027-06-01,2030,212,,35.0,35,"Construct a new 230kV line, approx. 35 miles, from Hartwell Energy to Middle Fork with 200C (2) 1351 ACSS conductor. GTC: Expand Hartwell Energy 230kV and Middle Fork 230kV as necessary to install breakers to accept new line termination.",New Project,New Project,2030-06-01,187,229
21131,Georgia Transmission Corporation,GTC,Georgia,GTC: POND FORK - MIDWAY 115KV LINE,LINE,POND FORK,MIDWAY,,,115000,,2030-06-01,2026-06-01,2030,212,,6.0,6,"GTC: Construct approximately 6 miles of 115kV line with minimum 170C 1351 ACSS conductor from Gillsville Tap Junction to Pond Fork, utilizing the existing GTC owned portion of the North Jackson - Lawrence Smith 46kV ROW. At Pond Fork, install a second 230/115kV 400MVA auto transformer and terminate the Pond Fork - Midway 115kV line.",New project,New project,2030-06-01,187,387
21077,Georgia Transmission Corporation,GTC,Georgia,GTC: ROCKVILLE - TIGER CREEK -WARTHEN 500KV LINES,MULTI_LINE,ROCKVILLE,TIGER CREEK,WARTHEN,,500000,,2030-06-01,2024-12-01,2030,214,,,20; 9,"Build the new 500kV line from Rockville to Tiger Creek and Tiger Creek to Warthen, approximately 20 miles and 9 miles long respectively. Build a 500kV yard at Tiger Creek and install a 500/230kV auto transformer. Make all necessary accommodations at Warthen and Rockville for the new 500kV breakers.",New project,New project,2030-06-01,188,388
21076,Georgia Transmission Corporation,GTC,Georgia,GTC: TALLBOT #2 - TAZEWELL 500KV LINE,LINE,TALBOT,TAZEWELL,,,500000,,2030-06-01,2024-12-01,2030,216,,20.0,20,"Build a new 500kV line from Tazewell to Talbot #2, approximately 20 miles. Make all necessary accommodations at Tazewell and Talbot #2 for the new 500kV breakers and line termination.",New Project,New Project,2030-06-01,188,389
21094,Georgia Transmission Corporation,GTC,Georgia,GTC: TIGER CREEK- ROCKVILLE-NORTH SPA 230KV PROJECT,MULTI_LINE,TIGER CREEK,ROCKVILLE,NORTH SPA,,230000,,2030-06-01,2025-01-01,2030,214,,,,Build a new 4 - breaker 230kV ring bus at Rockville substation (no auto transformer to be added at this time). Loop in the Eatonton Primary #2 - Wallace Dam 230kV line. Build a new line 230kV line to Tiger Creek. Build a new 230kV line to North Spa.,New Project,New Project,2030-06-01,188,390
20789,Georgia Power,GPC,Georgia,JEFFERSON ROAD - WINDER PRIMARY 115KV REBUILD,LINE,JEFFERSON ROAD,WINDER PRIMARY,,,115000,,2030-06-01,2025-06-01,2030,212,,11.0,11,Rebuild approximately 11 miles of the Jefferson Road - Russell - Richardson Street Junction segments of the Jefferson Road - Winder Primary 115kV line with 200C 1351 ACSS Martin conductor.,New Project,New Project,2030-06-01,188,391
20284,Georgia Power,GPC,Georgia,KETTLE CREEK PRIMARY - PINE GROVE PRIMARY 115KV REBUILD,LINE,KETTLE CREEK PRIMARY,PINE GROVE PRIMARY,,,115000,,2030-06-01,2026-06-02,2030,216,,38.04,38.04,Rebuild approximately 38.04 miles of 50C 4/0 ACSR conductor from the Pine Grove to the Pearson tap using 200C 1351 ACSS conductor.,Project delayed from 2029 to 2030,New Project,2030-06-01,188,392
21118,MEAG Power,MEAG,Georgia,MEAG: ATHENA - WARRENTON 230KV CONVERSION,LINE,ATHENA,WARRENTON,,,230000,,2030-06-01,2025-06-01,2030,215,,,,"Reconductor/rebuild and convert the 115kV lines from Athena - Union Point - Ray Place Road - Warrenton Primary to 230kV operation. Expand Athena 230kV bus for new line termination, construct 230kV bus at Union Point, and expand 230kV bus at Warrenton Primary for new line termination. Install 230/115kV auto transformers at Union Point Primary and Ray Place Road. Replace limiting network equipment at substations along the line.",New Project,New Project,2030-06-01,188,393
20857,Georgia Power,GPC,Georgia,NEW CAVENDER DRIVE - TRIBUTARY 230KV LINE,LINE,NEW CAVENDER DRIVE,TRIBUTARY,,,230000,,2030-06-01,2026-06-01,2030,201,,4.0,4,Build a new 4 mile 230kV line from Cavender Drive to Tributary with 200C 1351 ACSS Martin.,New Project,New Project,2030-06-01,188,394
21093,Georgia Power,GPC,Georgia,NORTH SPA 230KV STRATEGIC PROJECT,SUBSTATION,NORTH SPA,,,,230000,,2030-06-01,2025-01-01,2030,214,,,,This project includes the following scope of work: Build a new 230kV switching station north of Oasis in a ring bus configuration with 4 - breakers. Loop in the East Social Circle - Oasis (White) 230kV line. Build a new 230kV line to Cornish Mountain from North Spa. New 230kV line from Rockville 230kV will terminate in this station.,New Project,New Project,2030-06-01,188,395
19995,Georgia Power,GPC,Georgia,TALLULAH LODGE - TOCCOA 115 KV REBUILD,LINE,TALLULAH LODGE,TOCCOA,,,115000,,2030-06-01,2025-12-31,2030,212,,10.3,10.3,Rebuild the Tallulah Lodge - Toccoa 115kV Line with 100C 795 ACSR conductor (total of 10.3 miles). Replace limiting elements at Tallulah Lodge and Toccoa.,No Change,New Project,2030-06-01,188,396
21098,Georgia Power,GPC,Georgia,TRIBUTARY - THORNTON RD 230KV REBUILD,LINE,TRIBUTARY,THORNTON ROAD,,,230000,,2030-06-01,2027-06-01,2030,201,,2.8,2.8,Rebuild the 2.8 mile Tributary - Thornton Road 230kV line with 200C 1351 ACSS Martin.,New Project,New Project,2030-06-01,188,397
20160,Georgia Power,GPC,Georgia,THOMASTON 230 NEW BUILD SUB,SUBSTATION,THOMASTON,,,,230000,115000,2030-11-01,2026-01-01,2030,213,,,,Replace Thomaston 230/115kV 285MVA auto transformers C and D with 400MVA auto transformers. Install high side breakers to meet the 230kV bus differential standards and redesign 230kV bus to a breaker and a half configuration.,New Project,New Project,2030-11-01,188,398
18848,Georgia Power,GPC,Georgia,"BAINBRIDGE TRANSMISSION: EAST RIVER ROAD, EAST BAINBRIDGE",MULTI_SITE,BAINBRIDGE,EAST RIVER ROAD,EAST BAINBRIDGE,,115000,,2030-12-31,2023-06-01,2030,216,,,,"This project will construct a new 115kV breaker and a half substation a mile north of the East Bainbridge substation. East Bainbridge will be simplified to a 115kV straight bus with two transmission lines for service to load, a generation interconnection point and a capacitor bank.",No Change,New Project,2030-12-31,188,399
19626,Georgia Power,GPC,Georgia,GLENWOOD SPRINGS 115KV CAP BANK,SUBSTATION,GLENWOOD SPRINGS,,,,115000,,2030-12-31,2028-01-01,2030,214,,,,Install a 115kV two stage 30MVAR capacitor bank at Glenwood Springs substation.,Project advanced from 2031 to 2030.,New Project,2030-12-31,188,400
20690,Georgia Power,GPC,Georgia,EAST POINT - UNION CITY (WHITE) 230KV REBUILD,LINE,EAST POINT,UNION CITY,,,230000,,2031-05-01,2028-06-01,2031,208,,5.49,5.49,Rebuild 5.49 miles of 100C 1590.0 ACSR Lapwing with 200C 1351.5 ACSS Martin 230kV line from Welcome All to Union City on the East Point - Union City 230kV line.,New Project,New Project,2031-05-01,188,401
19632,Georgia Power,GPC,Georgia,AVERY - HOPEWELL 115KV RECONDUCTOR,LINE,AVERY,HOPEWELL,,,115000,,2031-06-01,2028-01-01,2031,202,,3.3,3.3,Reconductor the Hopewell to Birmingham line section (approximately 3.3 miles) on the Avery - Hopewell 115kV line with 100C 1033 ACSR conductor. Replace jumper at Birmingham with 1590 AAC jumper.,No Change,New Project,2031-06-01,188,402
10811,Georgia Power,GPC,Georgia,BOWEN #10 500/230KV AUTOBANK REPLACEMENT,SUBSTATION,BOWEN,,,,500000,230000,2031-06-01,2025-06-01,2031,211,,,,Replace the existing Bowen #10 1350 MVA 500/230kV auto transformer with a 2016 MVA 500/230kV auto transformer.,New Project,New Project,2031-06-01,188,403
20756,Georgia Power,GPC,Georgia,HATCH - WADLEY 500 KV LINE STRATEGIC PROJECT,LINE,HATCH,WADLEY,,,500000,,2031-06-01,2024-07-03,2031,215,,,,Construct a new 500kV line from Hatch - Wadley Primary.,New Project,New Project,2031-06-01,188,404
21099,MEAG Power,MEAG,Georgia,MEAG: PIO NONO 230/115KV AREA SOLUTION,SUBSTATION,PIO NONO,,,,230000,115000,2031-06-01,2025-01-01,2031,214,,,,"Build a 4 - breaker 230kV ring bus to terminate lines from Dorsett, South Griffin, and Big Grocery. Install a 400MVA auto transformer and build a 115kV yard to terminate a line from Broadway. Make all necessary modifications to accommodate all the 230kV and 115kV lines terminations.",New Project,New Project,2031-06-01,189,405
21114,MEAG Power,MEAG,Georgia,MEAG: SOUTH GRIFFIN 230/115KV BANK #5,SUBSTATION,SOUTH GRIFFIN,,,,230000,115000,2032-06-01,2030-06-01,2032,213,,,,Replace 230/115kV 285MVA auto transformer #5 with 230/115kV 400MVA auto transformer at South Griffin.,New Project,New Project,2032-06-01,189,406
20784,Georgia Power,SAV,Georgia,SAV: COLEMAN - MELDRIM 115KV LINE REBUILD,LINE,COLEMAN,MELDRIM,,,115000,,2032-06-01,2029-06-01,2032,219,,3.0,3,Rebuild 3 miles of the Coleman - Meldrim 115kV line from Four Lakes to Meldrim with 200C 1351 ACSS.,New Project,New Project,2032-06-01,189,407
20767,Georgia Power,GPC,Georgia,ARKWRIGHT BUS AND JUMPER REPLACEMENT,SUBSTATION,ARKWRIGHT,,,,115000,,2033-06-01,2029-06-01,2033,214,,,,Replace the 115kV bus at Arkwright with higher rating and replace the jumper on the Arkwright - Forrest Rd (Macon) 115kV line with at least 1590AAC.,New Project,New Project,2033-06-01,189,408
20758,Georgia Power,GPC,Georgia,BAY CREEK - CONYERS 230KV LIMITING ELEMENT REPLACEMENT,LINE,BAY CREEK,CONYERS,,,230000,,2033-06-01,2031-06-01,2033,202,,,,"Replace equipment such as jumpers, switches, and traps at the Bay Creek, Rockdale, and Conyers substations with equipment capable of carrying 3000A.",New Project,New Project,2033-06-01,189,409
20793,Georgia Power,GPC,Georgia,EVANS PRIMARY - THURMOND DAM (USA) #5 115KV REBUILD,LINE,EVANS PRIMARY,THURMOND DAM,,,115000,,2033-06-01,2029-06-01,2033,215,USA,5.45,5.45,Rebuild approximately 5.45 miles of Euchee Creek - Thurmond Dam segment of the Evans Primary - Thurmond Dam (USA) #5 115kV line with 200C 1351 ACSS Martin conductor. Replace the main bus with a larger element at Thurmond Dam (USA).,New Project,New Project,2033-06-01,189,410
20794,Georgia Power,GPC,Georgia,EVANS PRIMARY - THURMOND DAM (USA) #6 115KV REBUILD,LINE,EVANS PRIMARY,THURMOND DAM,,,115000,,2033-06-01,2030-06-01,2033,215,USA,8.9,8.9,Rebuild approximately 8.9 miles of the Evans Primary - Thurmond Dam (USA) #6 115kV line with 200C 1351 ACSS Martin conductor. Replace the main bus with a larger element at Thurmond Dam (USA).,New Project,New Project,2033-06-01,189,411
12217,Georgia Transmission Corporation,GTC,Georgia,GTC: CENTER PRIMARY - CLARKSBORO 230 KV REBUILD,LINE,CENTER PRIMARY,CLARKSBORO,,,230000,,2033-06-01,2028-06-01,2033,212,,8.3,8.3,GTC to rebuild the Center Primary - Clarksboro Primary 230kV line (approx. 8.3 miles) with 200C 1351 ACSS conductor.,New Project,New Project,2033-06-01,189,412
20773,Georgia Transmission Corporation,GTC,Georgia,GTC: CLARKSBORO - WINDER PRIMARY 230KV REBUILD,LINE,CLARKSBORO,WINDER PRIMARY,,,230000,,2033-06-01,2029-06-01,2033,212,,14.0,14,Rebuild approximately 14 miles of the Clarksboro - Winder 230kV line with 200C 1351 ACSS conductor.,New Project,New Project,2033-06-01,189,413
12147,Georgia Transmission Corporation,GTC,Georgia,GTC: EAST SOCIAL CIRCLE - SNELLVILLE 230KV EQUIPMENT UPGRADE,LINE,EAST SOCIAL CIRCLE,SNELLVILLE,,,230000,,2033-06-01,2030-06-01,2033,212,,,,"Replace the 1200A switches at Snellville Primary with 3000A. Also, replace the 1200A line trap and switches at East Social Circle with 3000A on the East Social Circle - Snellville 230kV line.",New Project,New Project,2033-06-01,189,414
21075,Georgia Transmission Corporation,GTC,Georgia,GTC: EAST WALTON - MIDDLE FORK 500KV,LINE,EAST WALTON,MIDDLE FORK,,,500000,,2033-06-01,2024-12-01,2033,212,,45.0,45,"Construct a new 500kV line from East Walton to Middle Fork, approximately 45 miles long. Make all necessary accommodations for new 500kV breakers at East Walton and Middle Fork substations.",New Project,New Project,2033-06-01,189,415
20791,Georgia Transmission Corporation,GTC,Georgia,GTC: SHOAL CREEK - SOUTH HALL 230KV REBUILD,LINE,SHOAL CREEK,SOUTH HALL,,,230000,,2033-06-01,2029-06-01,2033,212,,7.9,7.9,"Rebuild approximately 7.9 miles of South Hall - Chestnut Mountain - Spout Springs Road segments of the Shoal Creek - South Hall 230kV line with 200C 1351 ACSS conductor. Also, replace 1 - AAC 1590 jumpers at South Hall with 2 - AAC 1590.",New Project,New Project,2033-06-01,189,416
21053,Georgia Power,GPC,Georgia,MCEVER ROAD - SHOAL CREEK 115KV REBUILD PHASE III,LINE,MCEVER ROAD,SHOAL CREEK,,,115000,,2033-06-01,2030-06-01,2033,212,,2.9,2.9,"Rebuild the 2 - 4/0 copper part (approximately 2.9 miles) of the Gainesville Ferry - Lakeside WTP A line section, part of the McEver Road - Shoal Creek 115kV line, using 200C 1351 ACSS conductor.",New Project,New Project,2033-06-01,189,417
09661,Georgia Power,GPC,Georgia,MCGRAU FORD - MIDDLE FORK 500KV LINE PROJECT,LINE,MCGRAU FORD,MIDDLE FORK,,,500000,,2033-06-01,2026-06-01,2033,212,,64.0,64,Construct a new approximately 64 mile 500kV line from McGrau Ford to Middle Fork.,New Project,New Project,2033-06-01,189,418
20796,Georgia Power,SAV,Georgia,SAV: MELDRIM BANK D REPLACEMENT,SUBSTATION,MELDRIM,,,,230000,115000,2033-06-01,2030-06-01,2033,219,,,,Replace 300 MVA 230/115kV Bank D with 400 MVA Bank.,New Project,New Project,2033-06-01,189,419
14222,Georgia Power,GPC,Georgia,THOMSON PRIMARY 230/115KV SECOND TRANSFORMER,SUBSTATION,THOMSON PRIMARY,,,,230000,115000,2033-06-01,2025-08-01,2033,215,,,,"Install a second 400 MVA, 230/115kV auto transformer at Thomson Primary substation.",Project delayed from 2031 to 2033,New Project,2033-06-01,189,420
20759,Georgia Power,GPC,Georgia,WINDER PRIMARY 230KV BUS 1-2 PARALLEL BUS-TIE INSTALLATION,SUBSTATION,WINDER PRIMARY,,,,230000,,2033-06-01,2031-06-01,2033,202,,,,Install a 2nd 230kV bus - tie breaker at the Winder Primary Station.,New Project,New Project,2033-06-01,190,421
10487,Georgia Power,GPC,Georgia,PINE GROVE PRIMARY - WEST VALDOSTA 115 KV RECONDUCTOR,LINE,PINE GROVE PRIMARY,WEST VALDOSTA,,,115000,,2033-12-31,2029-12-31,2033,216,,3.7,3.7,Rebuild 3.7 miles of 100C 4/0 ACSR conductor with 200C 795 ACSS Drake on the Bemis - Pine Grove Primary section of the Pine Grove Primary - West Valdosta 115kV line.,New Project,New Project,2033-12-31,190,422
18700,Georgia Power,GPC,Georgia,DAWSON CROSSING - GAINESVILLE #1 115 KV,LINE,DAWSON CROSSING,GAINESVILLE,,,115000,,2034-06-01,2032-06-01,2034,212,,,,"Replace the 500CU main bus at Gainesville #1 115kV with 3"" Sch 40 AL Tube.",New Project,New Project,2034-06-01,190,423
20787,Georgia Power,SAV,Georgia,SAV: LITTLE OGEECHEE 230/115KV BANK REPLACEMENT,SUBSTATION,LITTLE OGEECHEE,,,,230000,115000,2034-06-01,2030-06-01,2034,219,,,,Replace SATX 280MVA auto transformer with 400MVA auto transformer.,New Project,New Project,2034-06-01,190,424
17993,Georgia Power,GPC,Georgia,EVANS PRIMARY - THOMSON PRIMARY 115KV REBUILD,LINE,EVANS PRIMARY,THOMSON PRIMARY,,,115000,,2034-12-31,2031-01-01,2034,215,,5.28,5.28,"Rebuild the existing 100C 336 ACSR conductor for the Thomson Primary to Pumpkin Center 115kV line section (approximately 5.28 miles), part of the Evans Primary - Thomson Primary 115kV line with 200C 1351 ACSS Martin conductor.",New Project,New Project,2034-12-31,190,425
