project_number,project_id,project_name,project_type,location_role,target_location,expected_voltages,seed_latitude,seed_longitude,seed_display_name,matched_name,matched_operator,matched_voltage,latitude,longitude,osm_id,osm_type,distance_from_seed_miles,match_score,confidence,source,reasons
1,6807 B,Queensboro - Ft Johnson 115 kV & Queensboro-Bayfront 115kV (Queensboro-James Island Sect),MULTI_LINE,location_1,Queensboro,115000,,,,,,,,,,,,0,LOW,No match,Nominatim could not find general location
1,6807 B,Queensboro - Ft Johnson 115 kV & Queensboro-Bayfront 115kV (Queensboro-James Island Sect),MULTI_LINE,location_2,Ft Johnson,115000,32.7488943,-79.901444,"Marine Resources Center, Fort Johnson Estates, Charleston, Charleston County, South Carolina, 29412, United States",Grove Street Substation,Dominion Energy South Carolina,115000,32.8023779,-79.9555492,123121680,way,4.85,4.0,LOW,OpenStreetMap / Overpass,Operator matches Dominion/DESC; 1 expected voltage match(es); Within 8 miles of seed location
1,6807 B,Queensboro - Ft Johnson 115 kV & Queensboro-Bayfront 115kV (Queensboro-James Island Sect),MULTI_LINE,location_3,Bayfront,115000,32.742122,-79.9634237,"Bayfront, James Island, Charleston County, South Carolina, 29412, United States",Grove Street Substation,Dominion Energy South Carolina,115000,32.8023779,-79.9555492,123121680,way,4.19,4.0,LOW,OpenStreetMap / Overpass,Operator matches Dominion/DESC; 1 expected voltage match(es); Within 8 miles of seed location
1,6807 B,Queensboro - Ft Johnson 115 kV & Queensboro-Bayfront 115kV (Queensboro-James Island Sect),MULTI_LINE,location_4,James Island,115000,32.7343458,-79.9688451,"James Island, Charleston County, South Carolina, 29412, United States",,,,32.7343458,-79.9688451,,,,0,LOW,Nominatim general-location fallback,No nearby OSM substation candidate found
2,0167C-D,Union Pier 115-13.8 kV Sub: Tap,SUBSTATION,location_1,Union Pier,115000;13800,32.784336,-79.9255881,"Union Pier Terminal, 32, Ansonborough, Charleston, Charleston County, South Carolina, 29401, United States",Unnamed,Dominion Energy South Carolina,115000,32.7908754,-79.9292439,263443279,way,0.5,5.0,MEDIUM,OpenStreetMap / Overpass,Operator matches Dominion/DESC; 1 expected voltage match(es); Within 2 miles of seed location
3,"0139 M,N","Okatie 230-115kV Substation, Jasper - Yemassee 230kV #1 Fold-in",BOTH,location_1,Okatie,230000;115000,32.2956335,-80.9448103,"Okatie Village, Beaufort County, South Carolina, United States",Unnamed,South Carolina Electric & Gas,115000,32.2775537,-80.9686476,185381111,way,1.87,5.0,MEDIUM,OpenStreetMap / Overpass,Operator matches Dominion/DESC; 1 expected voltage match(es); Within 2 miles of seed location
3,"0139 M,N","Okatie 230-115kV Substation, Jasper - Yemassee 230kV #1 Fold-in",BOTH,location_2,Jasper,230000;115000,32.4048602,-81.0414726,"Jasper County, South Carolina, United States",,,,32.4048602,-81.0414726,,,,0,LOW,Nominatim general-location fallback,No nearby OSM substation candidate found
3,"0139 M,N","Okatie 230-115kV Substation, Jasper - Yemassee 230kV #1 Fold-in",BOTH,location_3,Yemassee,230000;115000,32.6901781,-80.8506626,"Yemassee, Hampton County, South Carolina, United States",Yemassee Substation,South Carolina Electric & Gas Company,230000,32.6974259,-80.8637929,185317032,way,0.91,11.0,HIGH,OpenStreetMap / Overpass,Exact/normalized name match; Operator matches Dominion/DESC; 1 expected voltage match(es); Within 2 miles of seed location
4,6341 A-F,Cainhoy - Hamlin 115kV: Rebuild Line and Cainhoy - Hamlin 115 kV #2: Construct New 115 kV Line,LINE,location_1,Cainhoy,115000,32.9302521,-79.8537652,"Cainhoy, Point Hope, Charleston, Berkeley County, South Carolina, 29492, United States",,,,32.9302521,-79.8537652,,,,0,LOW,Nominatim general-location fallback,No nearby OSM substation candidate found
4,6341 A-F,Cainhoy - Hamlin 115kV: Rebuild Line and Cainhoy - Hamlin 115 kV #2: Construct New 115 kV Line,LINE,location_2,Hamlin,115000,32.8316639,-79.7715157,"Hamlin Sound, Mount Pleasant, Charleston County, South Carolina, United States",Hamlin Substation,South Carolina Gas & Electric,115000,32.859937,-79.7884409,229116306,way,2.19,8.0,HIGH,OpenStreetMap / Overpass,Exact/normalized name match; 1 expected voltage match(es); Within 8 miles of seed location
5,6808 J,Eastover - Square D 115kV: Rebuild,LINE,location_1,Eastover,115000,33.8771147,-80.6922594,"Eastover, Richland County, South Carolina, United States",Unnamed,Unknown,115000,33.9006537,-80.6446542,478709848,way,3.18,2.0,LOW,OpenStreetMap / Overpass,1 expected voltage match(es); Within 8 miles of seed location
5,6808 J,Eastover - Square D 115kV: Rebuild,LINE,location_2,Square D,115000,,,,,,,,,,,,0,LOW,No match,Nominatim could not find general location
6,6808 K,Burton-St Helena 115kV: Rebuild Burton-Frogmore Transmission Section,LINE,location_1,Burton,115000,32.4239465,-80.7458787,"Burton, Beaufort County, South Carolina, United States",Burton Substation,South Carolina Electric & Gas Company,230000,32.4364883,-80.7210159,185362029,way,1.69,10.0,HIGH,OpenStreetMap / Overpass,Exact/normalized name match; Operator matches Dominion/DESC; Within 2 miles of seed location
6,6808 K,Burton-St Helena 115kV: Rebuild Burton-Frogmore Transmission Section,LINE,location_2,Frogmore,115000,32.3968603,-80.5762177,"Frogmore, Beaufort County, South Carolina, 29920, United States",Frogmore Substation,South Carolina Electric & Gas,115000;23000,32.3991323,-80.5711266,1064802545,way,0.34,11.0,HIGH,OpenStreetMap / Overpass,Exact/normalized name match; Operator matches Dominion/DESC; 1 expected voltage match(es); Within 2 miles of seed location
7,6808 L,Burton-St Helena 115kV: Frogmore Distribution - St Helena,LINE,location_1,Frogmore,115000,32.3968603,-80.5762177,"Frogmore, Beaufort County, South Carolina, 29920, United States",Frogmore Substation,South Carolina Electric & Gas,115000;23000,32.3991323,-80.5711266,1064802545,way,0.34,11.0,HIGH,OpenStreetMap / Overpass,Exact/normalized name match; Operator matches Dominion/DESC; 1 expected voltage match(es); Within 2 miles of seed location
7,6808 L,Burton-St Helena 115kV: Frogmore Distribution - St Helena,LINE,location_2,St Helena,115000,32.3868607,-80.5606622,"Saint Helena Island, Beaufort County, South Carolina, 29920, United States",,,,32.3868607,-80.5606622,,,,0,LOW,Nominatim general-location fallback,No nearby OSM substation candidate found
8,"6808 N,O",VCS1-Denny Terrace 230kV & VCS1-Pineland 230kV: Rebuild Single Circuit Sections,MULTI_LINE,location_1,VCS1,230000,,,,,,,,,,,,0,LOW,No match,Nominatim could not find general location
8,"6808 N,O",VCS1-Denny Terrace 230kV & VCS1-Pineland 230kV: Rebuild Single Circuit Sections,MULTI_LINE,location_2,Denny Terrace,230000,34.0654303,-81.0634256,"Denny Terrace, Richland County, South Carolina, 29210, United States",Denny Terrace Substation,South Carolina Electric & Gas Company,230000,34.0576091,-81.061561,185130609,way,0.55,11.0,HIGH,OpenStreetMap / Overpass,Exact/normalized name match; Operator matches Dominion/DESC; 1 expected voltage match(es); Within 2 miles of seed location
8,"6808 N,O",VCS1-Denny Terrace 230kV & VCS1-Pineland 230kV: Rebuild Single Circuit Sections,MULTI_LINE,location_3,Pineland,230000,32.6001789,-81.1595501,"Pineland, Jasper County, South Carolina, United States",Pineland Substation,Unknown,69000,32.611892,-81.1503133,917253712,way,0.97,8.0,HIGH,OpenStreetMap / Overpass,Exact/normalized name match; Within 2 miles of seed location
9,6808 R,Wateree-Killian 230kV: Rebuild,LINE,location_1,Wateree,230000,33.8071004,-80.6373094,"Wateree, Richland County, South Carolina, United States",Wateree Substation,Unknown,230000,33.8262718,-80.6240763,1082130490,way,1.53,9.0,HIGH,OpenStreetMap / Overpass,Exact/normalized name match; 1 expected voltage match(es); Within 2 miles of seed location
9,6808 R,Wateree-Killian 230kV: Rebuild,LINE,location_2,Killian,230000,32.566698,-81.2651824,"Killian, Jasper County, South Carolina, United States",Estill Substation,South Carolina Electric & Gas,46000,32.7575417,-81.2406874,1065939234,way,13.26,2.5,LOW,OpenStreetMap / Overpass,Operator matches Dominion/DESC; Within 15 miles of seed location
10,6808 S,Okatie-Bluffton 115kV: Rebuild,LINE,location_1,Okatie,115000,32.2956335,-80.9448103,"Okatie Village, Beaufort County, South Carolina, United States",Unnamed,South Carolina Electric & Gas,115000,32.2775537,-80.9686476,185381111,way,1.87,5.0,MEDIUM,OpenStreetMap / Overpass,Operator matches Dominion/DESC; 1 expected voltage match(es); Within 2 miles of seed location
10,6808 S,Okatie-Bluffton 115kV: Rebuild,LINE,location_2,Bluffton,115000,32.2371465,-80.8603868,"Bluffton, Beaufort County, South Carolina, 29910, United States",,,,32.2371465,-80.8603868,,,,0,LOW,Nominatim general-location fallback,No nearby OSM substation candidate found
11,6808 U,Hopkins-CIP 230kV: Rebuild,LINE,location_1,Hopkins,230000,33.9043212,-80.8770342,"Hopkins, Richland County, South Carolina, 29061, United States",Denny Terrace Substation,South Carolina Electric & Gas Company,230000,34.0576091,-81.061561,185130609,way,14.96,3.5,LOW,OpenStreetMap / Overpass,Operator matches Dominion/DESC; 1 expected voltage match(es); Within 15 miles of seed location
11,6808 U,Hopkins-CIP 230kV: Rebuild,LINE,location_2,CIP,230000,,,,,,,,,,,,0,LOW,No match,Nominatim could not find general location
12,6808 V,Faber Place-Bayfront 115kV: Rebuild North Bridge Terrace to Bayfront Section,MULTI_LINE,location_1,Faber Place,115000,32.8462865,-80.0298124,"Faber Place, North Charleston, Charleston County, South Carolina, 29414, United States",Faber Place Substation,Unknown,230000,32.8500798,-80.0146241,217507829,way,0.92,8.0,HIGH,OpenStreetMap / Overpass,Exact/normalized name match; Within 2 miles of seed location
12,6808 V,Faber Place-Bayfront 115kV: Rebuild North Bridge Terrace to Bayfront Section,MULTI_LINE,location_2,North Bridge Terrace,115000,,,,,,,,,,,,0,LOW,No match,Nominatim could not find general location
12,6808 V,Faber Place-Bayfront 115kV: Rebuild North Bridge Terrace to Bayfront Section,MULTI_LINE,location_3,Bayfront,115000,32.742122,-79.9634237,"Bayfront, James Island, Charleston County, South Carolina, 29412, United States",,,,32.742122,-79.9634237,,,,0,LOW,Nominatim general-location fallback,No nearby OSM substation candidate found
13,6808 W,Square D - Hopkins 115kV: Rebuild,LINE,location_1,Square D,115000,,,,,,,,,,,,0,LOW,No match,Nominatim could not find general location
13,6808 W,Square D - Hopkins 115kV: Rebuild,LINE,location_2,Hopkins,115000,33.9043212,-80.8770342,"Hopkins, Richland County, South Carolina, 29061, United States",Unnamed,Dominion Energy South Carolina,115000,33.9880815,-81.0379485,510854973,way,10.89,3.5,LOW,OpenStreetMap / Overpass,Operator matches Dominion/DESC; 1 expected voltage match(es); Within 15 miles of seed location
14,6809 E,Stevens Creek - Hooks 115kV/LR Plumb Branch 46kV Rebuilds,MULTI_LINE,location_1,Stevens Creek,115000;46000,33.7410515,-82.1646667,"Stevens Creek, Edgefield County, South Carolina, United States",Stevens Creek Dam Substation,Unknown,115000,33.5616178,-82.0532936,52102616,way,13.95,6.5,MEDIUM,OpenStreetMap / Overpass,Strong partial name match; 1 expected voltage match(es); Within 15 miles of seed location
14,6809 E,Stevens Creek - Hooks 115kV/LR Plumb Branch 46kV Rebuilds,MULTI_LINE,location_2,Hooks,115000;46000,34.170585,-79.0914166,"Hooks Pond, Horry County, South Carolina, United States",,,,34.170585,-79.0914166,,,,0,LOW,Nominatim general-location fallback,No nearby OSM substation candidate found
14,6809 E,Stevens Creek - Hooks 115kV/LR Plumb Branch 46kV Rebuilds,MULTI_LINE,location_3,Plumb Branch,115000;46000,,,,,,,,,,,,0,LOW,No match,Nominatim could not find general location
15,6809 G,Stevens Creek - Hooks 115kV/LR Plumb Branch 46kV,MULTI_LINE,location_1,Stevens Creek,115000;46000,33.7410515,-82.1646667,"Stevens Creek, Edgefield County, South Carolina, United States",Stevens Creek Dam Substation,Unknown,115000,33.5616178,-82.0532936,52102616,way,13.95,6.5,MEDIUM,OpenStreetMap / Overpass,Strong partial name match; 1 expected voltage match(es); Within 15 miles of seed location
15,6809 G,Stevens Creek - Hooks 115kV/LR Plumb Branch 46kV,MULTI_LINE,location_2,Hooks,115000;46000,34.170585,-79.0914166,"Hooks Pond, Horry County, South Carolina, United States",Unnamed,Unknown,115000,34.2460983,-79.1436094,184540667,way,6.01,2.0,LOW,OpenStreetMap / Overpass,1 expected voltage match(es); Within 8 miles of seed location
15,6809 G,Stevens Creek - Hooks 115kV/LR Plumb Branch 46kV,MULTI_LINE,location_3,Plumb Branch,115000;46000,,,,,,,,,,,,0,LOW,No match,Nominatim could not find general location
16,6805 G,"Edenwood Sub: #1 & #2 230-115kV Autobanks, Replace with 336MVA",SUBSTATION,location_1,Edenwood,230000;115000,33.953765,-81.0598155,"Edenwood, Cayce, Lexington County, South Carolina, 29033, United States",,,,33.953765,-81.0598155,,,,0,LOW,Nominatim general-location fallback,No nearby OSM substation candidate found
17,"1060A, I, L","Williams St Sub: Replace Sw House & Relays, AM Williams Sub: Replace Sw House, and McMeekin Sub: Add Sw House",MULTI_SITE,location_1,Williams Street,,34.0011212,-81.0483088,"Williams Street, The Vista, Columbia, Richland County, South Carolina, 29201, United States",Unnamed,Dominion Energy South Carolina,115000,33.9880815,-81.0379485,510854973,way,1.08,4.0,LOW,OpenStreetMap / Overpass,Operator matches Dominion/DESC; Within 2 miles of seed location
17,"1060A, I, L","Williams St Sub: Replace Sw House & Relays, AM Williams Sub: Replace Sw House, and McMeekin Sub: Add Sw House",MULTI_SITE,location_2,AM Williams,,33.0346074,-80.8426004,"Williams, Colleton County, South Carolina, 29493, United States",Canadys Substation,South Carolina Electric & Gas Company,230000;115000,33.0640963,-80.6205999,185032900,way,13.02,2.5,LOW,OpenStreetMap / Overpass,Operator matches Dominion/DESC; Within 15 miles of seed location
17,"1060A, I, L","Williams St Sub: Replace Sw House & Relays, AM Williams Sub: Replace Sw House, and McMeekin Sub: Add Sw House",MULTI_SITE,location_3,McMeekin,,34.7406872,-79.7992774,"McMeekin Pond, Marlboro County, South Carolina, United States",,,,34.7406872,-79.7992774,,,,0,LOW,Nominatim general-location fallback,No nearby OSM substation candidate found
18,06005 B,Harleyville 115KV Transmission Tap - Construct (1.4 miles),LINE,location_1,Blue Circle,115000,34.1804013,-79.8957238,"Blue Heron Circle, Heritage, Florence County, South Carolina, 29501, United States",Unnamed,Unknown,115000,34.2817427,-79.8727645,159607201,way,7.12,2.0,LOW,OpenStreetMap / Overpass,1 expected voltage match(es); Within 8 miles of seed location
18,06005 B,Harleyville 115KV Transmission Tap - Construct (1.4 miles),LINE,location_2,Harleyville,115000,33.2146069,-80.4478745,"Harleyville, Dorchester County, South Carolina, United States",Harleyville Substation,Unknown,46000,33.2099069,-80.4511658,1075801506,way,0.38,8.0,HIGH,OpenStreetMap / Overpass,Exact/normalized name match; Within 2 miles of seed location
19,05004 P,Summerville: Replace and Spare 230-115kV 336MVA Auto Bank,SUBSTATION,location_1,Summerville,230000;115000,33.0186699,-80.1762704,"Summerville, Dorchester County, South Carolina, United States",,,,33.0186699,-80.1762704,,,,0,LOW,Nominatim general-location fallback,No nearby OSM substation candidate found
20,06076A,Canadys-Ritter 115KV-Rebld SPDC 230/115KV 1272 (Approx 18 Miles),LINE,location_1,Canadys,230000;115000,33.0565161,-80.6196529,"Canadys, Colleton County, South Carolina, 28474, United States",,,,33.0565161,-80.6196529,,,,0,LOW,Nominatim general-location fallback,No nearby OSM substation candidate found
20,06076A,Canadys-Ritter 115KV-Rebld SPDC 230/115KV 1272 (Approx 18 Miles),LINE,location_2,Ritter,230000;115000,32.7896202,-80.6303822,"Ritter, Colleton County, South Carolina, United States",Yemassee Substation,South Carolina Electric & Gas Company,230000,32.6974259,-80.8637929,185317032,way,14.99,3.5,LOW,OpenStreetMap / Overpass,Operator matches Dominion/DESC; 1 expected voltage match(es); Within 15 miles of seed location
21,6359,Yemassee-Ritter 230kV #1 & #2: Construct SPDC with B-1272,LINE,location_1,Yemassee,230000;115000,32.6901781,-80.8506626,"Yemassee, Hampton County, South Carolina, United States",Yemassee Substation,South Carolina Electric & Gas Company,230000,32.6974259,-80.8637929,185317032,way,0.91,11.0,HIGH,OpenStreetMap / Overpass,Exact/normalized name match; Operator matches Dominion/DESC; 1 expected voltage match(es); Within 2 miles of seed location
21,6359,Yemassee-Ritter 230kV #1 & #2: Construct SPDC with B-1272,LINE,location_2,Ritter,230000;115000,32.7896202,-80.6303822,"Ritter, Colleton County, South Carolina, United States",,,,32.7896202,-80.6303822,,,,0,LOW,Nominatim general-location fallback,No nearby OSM substation candidate found
22,"06367 A-C, H",Riverport Tap: Construct Tap,LINE,location_1,Okatie,230000,32.2956335,-80.9448103,"Okatie Village, Beaufort County, South Carolina, United States",Unnamed,South Carolina Electric & Gas,115000,32.2775537,-80.9686476,185381111,way,1.87,4.0,LOW,OpenStreetMap / Overpass,Operator matches Dominion/DESC; Within 2 miles of seed location
22,"06367 A-C, H",Riverport Tap: Construct Tap,LINE,location_2,Riverport,230000,33.8578726,-79.0828943,"Riverport Drive, Rivertown Row, Conway, Horry County, South Carolina, 29562, United States",Unnamed,Unknown,115000,33.8600371,-79.059551,184856206,way,1.35,2.0,LOW,OpenStreetMap / Overpass,Within 2 miles of seed location
23,06367 D-G,Jasper - Okatie 230 kV #2: Construct,LINE,location_1,Jasper,230000,32.4048602,-81.0414726,"Jasper County, South Carolina, United States",,,,32.4048602,-81.0414726,,,,0,LOW,Nominatim general-location fallback,No nearby OSM substation candidate found
23,06367 D-G,Jasper - Okatie 230 kV #2: Construct,LINE,location_2,Okatie,230000,32.2956335,-80.9448103,"Okatie Village, Beaufort County, South Carolina, United States",Unnamed,South Carolina Electric & Gas,115000,32.2775537,-80.9686476,185381111,way,1.87,4.0,LOW,OpenStreetMap / Overpass,Operator matches Dominion/DESC; Within 2 miles of seed location
24,06371 D,Wagener 115kV Tap: Construct Tap,MULTI_LINE,location_1,Edmund,115000,33.8614622,-81.1997259,"Edmund, Lexington County, South Carolina, United States",Edmund Substation,MCEC,115000,33.8554059,-81.2040721,552694024,way,0.49,9.0,HIGH,OpenStreetMap / Overpass,Exact/normalized name match; 1 expected voltage match(es); Within 2 miles of seed location
24,06371 D,Wagener 115kV Tap: Construct Tap,MULTI_LINE,location_2,Owens Corning,115000,34.4360499,-82.6579695,"Owens Corning, Anderson County, South Carolina, United States",,,,34.4360499,-82.6579695,,,,0,LOW,Nominatim general-location fallback,No nearby OSM substation candidate found
24,06371 D,Wagener 115kV Tap: Construct Tap,MULTI_LINE,location_3,Wagener,115000,33.6523712,-81.3612142,"Wagener, Aiken County, South Carolina, 19164, United States",Wagener Substation,South Carolina Gas & Electric,46000,33.6501119,-81.3605659,993540535,way,0.16,8.0,HIGH,OpenStreetMap / Overpass,Exact/normalized name match; Within 2 miles of seed location
25,06372 A,Church Creek - Ritter 230kV - Replace 38 Large Angles and Dead Ends,LINE,location_1,Church Creek,230000,32.7090728,-80.1358122,"Church Creek, Charleston, Charleston County, South Carolina, United States",Church Creek Substation,Unknown,230000;115000,32.8303196,-80.0702792,185330726,way,9.2,7.5,MEDIUM,OpenStreetMap / Overpass,Exact/normalized name match; 1 expected voltage match(es); Within 15 miles of seed location
25,06372 A,Church Creek - Ritter 230kV - Replace 38 Large Angles and Dead Ends,LINE,location_2,Ritter,230000,32.7896202,-80.6303822,"Ritter, Colleton County, South Carolina, United States",,,,32.7896202,-80.6303822,,,,0,LOW,Nominatim general-location fallback,No nearby OSM substation candidate found
26,06810 F,VCS2-Ward 230kV: Rebuild Line,LINE,location_1,VCS2,230000,,,,,,,,,,,,0,LOW,No match,Nominatim could not find general location
26,06810 F,VCS2-Ward 230kV: Rebuild Line,LINE,location_2,Ward,230000,33.857915,-81.729829,"Ward, Saluda County, South Carolina, United States",Ward Substation,Unknown,230000,33.87218,-81.6977228,185197506,way,2.09,8.0,HIGH,OpenStreetMap / Overpass,Exact/normalized name match; 1 expected voltage match(es); Within 8 miles of seed location
27,06810 G,Goose Creek Reservoir: Rebuild Transmission Line Crossings,MULTI_LINE,location_1,Williams,230000;115000,33.0346074,-80.8426004,"Williams, Colleton County, South Carolina, 29493, United States",Canadys Substation,South Carolina Electric & Gas Company,230000;115000,33.0640963,-80.6205999,185032900,way,13.02,4.5,LOW,OpenStreetMap / Overpass,Operator matches Dominion/DESC; 2 expected voltage match(es); Within 15 miles of seed location
