utility,project_id,target_location,latitude,longitude,matched_name,osm_type,osm_id,source,note
Dominion Energy South Carolina,,Queensboro,32.7227934,-79.9673323,Queensborough Substation,way,290264139,OSM way 290264139,"OSM spells it Queensborough, so Nominatim finds nothing for Queensboro. The organizers' sheet uses the same point"
Dominion Energy South Carolina,,Okatie,32.3337624,-81.0326063,Unnamed,way,1064022697,OSM way 1064022697 (230 kV),"Nominatim's Okatie Village seed led to an unnamed 115 kV substation 10.7 mi from Jasper Substation. The PDF calls Okatie a 230-115kV substation (0139 M,N) at the end of the 6.5-mile Jasper - Okatie 230 kV #2 line (06367 D-G); this 230 kV yard is 5.7 mi from Jasper. The organizers' sheet uses the same point"
Dominion Energy South Carolina,,Urquhart,33.4328703,-81.9110807,Urquhart Substation,relation,14317637,OSM relation 14317637,"Nominatim finds Urquhart Pond in Lexington County, 55 mi from OSM's Urquhart Substation at Beech Island"
Dominion Energy South Carolina,,Hooks,,,,,,"DESC PDF, 6810 A: Hooks is about 2.3 miles of line from Thurmond","Nominatim finds Hooks Pond in Horry County, 180 mi from Thurmond Substation, and no OSM substation is named Hooks"
Dominion Energy South Carolina,,Riverport,,,,,,"DESC PDF, 06367 A-C, H: a new distribution substation fed by a new line from Okatie","Nominatim finds Riverport Drive in Conway, 155 mi from Okatie. The substation isn't in OSM"
Dominion Energy South Carolina,,Pineland,,,,,,"DESC PDF, 6808 N,O: VCS1 - Pineland is a 230kV line from V.C. Summer","Nominatim finds Pineland in Jasper County, whose Pineland Substation is tagged 69 kV. No other substation named Pineland is in the cached OSM tiles"
Dominion Energy South Carolina,,Killian,,,,,,"DESC PDF, 6808 R and 6853 B-F: Wateree - Killian 230kV, and new lines at the VCS1 and Killian terminals","Nominatim finds Killian in Jasper County, and the search picked Estill Substation. No substation named Killian is in the cached OSM tiles"
Dominion Energy South Carolina,,Scout,,,,,,"DESC PDF, 6853 B-F: a new Scout customer substation on 230kV lines from VCS1 and Killian","Nominatim finds Scout Island near Port Royal, and the search picked Burton Substation. The new substation isn't in OSM"
Dominion Energy South Carolina,,Owens Corning,,,,,,"DESC PDF, 06371 D: the Edmund Switching Station - Owens Corning 115 kV line, tapped for Wagener","Nominatim finds Owens Corning in Anderson County, whose substations are tagged 100 kV, 92 mi from Wagener Substation. No substation named Owens Corning near Edmund or Wagener is in the cached OSM tiles"
Dominion Energy South Carolina,,Ritter,,,,,,"DESC PDF, 06076A: Canadys - Ritter is about 18 miles of line","The search picked Yemassee Substation, 29 mi from Canadys Substation, so it can't be Ritter. No substation named Ritter is in the cached OSM tiles"
Georgia Power,,JEFFERSON STREET,,,,,,"GA PDF p. 250: Northwest - Jefferson Street #3 is 1.2 miles, in zone 206 (Atlanta: Adamsville, Grady, Jack McDonough)","Nominatim finds Jefferson Street in Savannah, and the search picked Hutchinson Island Substation. No substation named Jefferson Street is in the cached OSM tiles"
Georgia Power,,TOMOCHICHI,,,,,,"GA PDF p. 315: a new 500/230kV switching station splitting the Ohara - Scherer 500kV line, south of Atlanta","Nominatim finds the Tomochichi courthouse in Savannah. The new substation isn't in OSM"
Georgia Transmission Corporation,,TOMOCHICHI,,,,,,"GA PDF p. 383: Big Smarr - Tomochichi, about 36 miles; p. 315 puts Tomochichi on the Ohara - Scherer 500kV line","Nominatim finds the Tomochichi courthouse in Savannah. The new substation isn't in OSM"
Georgia Power,,FIRST AVENUE,,,,,,"GA PDF p. 339: North Columbus - First Avenue is 0.9 miles, in Columbus","Nominatim finds First Avenue on Tybee Island. No substation named First Avenue is in the cached OSM tiles"
Georgia Power,,MCMANUS,31.213065,-81.5452676,McManus Switchyard,way,1030860844,OSM way 1030860844,"Nominatim finds McManus Ponds in Evans, and the search picked Thurmond Substation. The McManus - West Brunswick 115kV line (GA PDF p. 358) starts at Plant McManus near Brunswick; this switchyard is tagged 115 kV"
Georgia Power,,EVANS PRIMARY,33.5439942,-82.1686481,Evans Primary Substation,way,52103255,OSM way 52103255,"Nominatim finds Evans County. This Georgia Power 230/115 kV substation is in Evans, Columbia County, 8.2 mi from Thurmond Substation. The organizers' sheet uses the same point"
Georgia Power,,MCINTOSH,32.3521162,-81.1751124,McIntosh Substation,way,121624352,OSM way 121624352,"Nominatim finds McIntosh County. This is the Georgia Power substation at Plant McIntosh, 7.4 mi from Goshen (SAV). OSM tags it 230 kV only, though 20065 is a 115 kV line. The organizers' sheet uses this point for 20277 and one 0.4 mi west for 20065"
Georgia Power,20065,GOSHEN,32.2487012,-81.2094724,Goshen Substation,way,1008141064,OSM way 1008141064,"The title says GOSHEN (SAV): Savannah's Goshen, a Georgia Power 115 kV substation 7.4 mi from McIntosh. Not the Goshen near Augusta (21116). The organizers' sheet uses the same point"
Georgia Power,20785,GOSHEN,32.2487012,-81.2094724,Goshen Substation,way,1008141064,OSM way 1008141064,"The title says GOSHEN (SAV): Savannah's Goshen, 7.9 mi from Kraft Substation, which fits the 9.3 miles rebuilt of the Goshen - Kraft line. Not the Goshen near Augusta (21116)"
Georgia Power,21116,GOSHEN,33.3197599,-81.9953118,Goshen Substation,way,52019569,OSM way 52019569,"GA PDF p. 382: a new line into Goshen outside the Goshen - Vogtle corridor, from the Waynesboro - Wilson line, in the Augusta zone (215). This is the Georgia Power 230/115 kV Goshen in south Augusta, not Savannah's"
Georgia Power,,DEPTFORD,32.0668279,-81.0483845,Deptford Substation,way,122007500,OSM way 122007500,"Nominatim finds Deptford Road in Duluth. This Georgia Power 115 kV substation is in Savannah, 3.8 mi from Magnolia (the Deptford - Magnolia line is about 5 miles) and 5.9 mi from Boulevard (about 8 miles)"
Georgia Power,,BOULEVARD,32.0412308,-81.1444637,Boulevard Substation,way,381797798,OSM way 381797798,"Nominatim finds Boulevard in Athens. This Georgia Power 230/115 kV substation is in Savannah, 3.6 mi from Magnolia (the Boulevard - Magnolia line is 4.56 miles) and 5.9 mi from Deptford (about 8 miles)"
Georgia Power,,KRAFT,32.1481353,-81.1459835,Kraft Substation,way,121986375,OSM way 121986375,"Nominatim finds Rome Kraft Lake in north Georgia. This Georgia Power 115 kV substation is in Savannah, 7.9 mi from Goshen (SAV), which fits the 9.3 miles rebuilt of the Goshen - Kraft line"
Georgia Power,,COLEMAN,,,,,,"GA PDF p. 334 and p. 407: Coleman - Dean Forest and Coleman - Meldrim are Savannah lines","Nominatim's Coleman seed led to Fort Gaines Substation in southwest Georgia. OSM has two Georgia Power 115 kV substations named Coleman in Savannah (ways 1011846565 and 608270486) with the same tags, 4.3 and 2.8 mi from Dean Forest; the 6.67-mile Coleman - Dean Forest line fits either"
Georgia Power,,MAGNOLIA,32.0226869,-81.0861807,Magnolia Substation,way,121857248,OSM way 121857248,"Nominatim finds Magnolia in Clinch County. This Georgia Power 115 kV substation is in Savannah, 3.6 mi from Boulevard (the Boulevard - Magnolia line is 4.56 miles)"
Georgia Power,,HYUNDAI MOTORS SAVANNAH,32.1666218,-81.4609318,Hyundai Motors Substation,way,1458221220,OSM way 1458221220,"A customer project's name, so Nominatim finds nothing. GA PDF p. 231 builds a new Hyundai 230kV substation; OSM's Hyundai Motors Substation is tagged 230 kV"
Georgia Power,,MITCHELL,31.4471208,-84.1338426,Mitchell Substation (230kV),way,656743294,OSM way 656743294,"Nominatim's Mitchell seed led to Warrenton Primary Substation, 158 mi away. This Georgia Power 230 kV substation is 34.5 mi from North Tifton, which fits the 35.21-mile Mitchell - North Tifton 230kV line (18492). The organizers' sheet uses the same point"
