project_id,utility,sponsor,state,project_name,project_type,location_1,location_2,location_3,other_locations,voltage_1,voltage_2,in_service_date,start_date,line_miles,miles_mentioned,description,pages,status
11821,Georgia Power,GPC,Georgia,JESUP - LUDOWICI PRIMARY 115KV REBUILD,,JESUP,LUDOWICI PRIMARY,North Jesup,Rayonier,115000,,2025-06-01,2023-06-01,7.5,7.5,Rebuild approximately 7.5 miles of the Jesup - North Jesup - Rayonier section of the Jesup - Ludowici Primary 115kV line from 100C 336.4 ACSR Linnet conductor to 100C 795 ACSR Drake conductor.,177; 240,VERIFIED
13753,MEAG Power,MEAG,Georgia,MEAG: ALCOVY ROAD - SKC 115 KV RECONDUCTOR,,ALCOVY ROAD,SKC,Alcovy Road Jct.,,115000,,2025-06-01,2023-06-01,0.53,0.53,MEAG will reconductor approximately 0.53 miles of 100C 336 ACSR conductor with 100C 1033 ACSR conductor from Alcovy Road to Alcovy Road Jct. on the Alcovy Road - SKC 115kV line.,177; 241,VERIFIED
13787,MEAG Power,MEAG,Georgia,MEAG: AULTMAN ROAD - BONAIRE PRIMARY 115 KV REBUILD,,AULTMAN ROAD,BONAIRE PRIMARY,Sleepy Hollow,Peach Blossom,115000,,2025-06-01,2023-06-01,1.99,1.99,MEAG: Rebuild approximately 1.99 miles of Sleepy Hollow - Peach Blossom 115kV section of the Aultman Road - Bonaire Primary 115kV line from 100C 336 ACSR to 100C 795 ACSR. GTC: Replace the jumpers at Sleepy Hollow with 1590 AAC.,177; 242,VERIFIED
18153,Georgia Transmission Corporation,GTC,Georgia,GTC: BONAIRE PRI- ECHECONNEE 115 KV PARTIAL REBUILD,,BONAIRE PRI,ECHECONNEE,Bonaire Primary,,115000,,2025-06-01,2023-01-01,2.3,2.3,Rebuild 2.3 miles of the Bonaire Primary - Echeconnee 115kV line with 100C ACSR 795 conductor.,177; 237,VERIFIED
18492,Georgia Power,GPC,Georgia,MITCHELL - NORTH TIFTON 230KV RECONDUCTOR,,MITCHELL,NORTH TIFTON,,,230000,,2025-05-01,2021-12-31,35.21,35.21,Rebuild 35.21 miles of the Mitchell - North Tifton 230kV line from 100C 795 ACSR to 100C 1351 ACSR.,177; 233,VERIFIED
18670,Georgia Transmission Corporation,GTC,Georgia,GTC: BANKS CROSSING - POND FORK 115 KV,,BANKS CROSSING,POND FORK,McClure Industrial,Ridgeway Church Road,115000,,2025-05-01,2021-06-01,3.0,3,GTC will build a new 115kV line from McClure Industrial to structure 21N on the Ridgeway Church Road Junction or tap point (approximately 3 miles). Close normally open switch at Ridgeway Church Road to establish the Banks Crossing - Pond Fork 115kV line. All new conductors should be 100C 1351 ACSR Martin.,177; 232,VERIFIED
18800,Georgia Power,GPC,Georgia,ECHECONNEE-WELLSTON 115KV REBUILD,,ECHECONNEE,WELLSTON,South Warner Robins,,115000,,2025-06-01,2024-01-01,1.2,1.2,Rebuild the South Warner Robins to Wellston section (1.2 miles) with 100C 1351.5 ACSR Martin conductor.,177; 235,VERIFIED
19187,Georgia Power,GPC,Georgia,GRID - BREMEN - CROOKED CREEK (APC) 115 KV PROJECT,,BREMEN,CROOKED CREEK,Indian Creek Road,,115000,,2025-06-01,2021-09-01,14.0,14,"Rebuild from Bremen to Indian Creek Road, on the Bremen - Crooked Creek 115kV line (14 miles), using 795 ACSR conductor at 100C.",177; 236,VERIFIED
19523,Georgia Power,SAV,Georgia,SAV: CC - HYUNDAI MOTORS SAVANNAH AKA. PROJECT EA,,HYUNDAI MOTORS SAVANNAH,HYUNDAI,Newton Rd,Little Ogeechee; Meldrim; Interstate Centre; SAVANNAH,230000,115000,2025-01-01,2022-06-01,,12; 10; 2.3,"Construct a new Hyundai 230kV substation with an eight element 230kV ring bus and four 230/25kV banks. Construct a new Newton Rd 230kV substation with a five element 230kV ring bus and loop through the Little Ogeechee - Meldrim Black and White 230kV lines. Build two new 230kV lines connecting from Hyundai - Newton Rd (12 miles) and Hyundai - Meldrim (10 miles). At Meldrim, add a breaker to accommodate for the new Hyundai line. Install a 115/25kV bank at Interstate Centre and build a new 115kV line from Interstate Centre - Hyundai (2.3 miles) for bridge power.",177; 231,NEEDS_REVIEW
19676,Georgia Power,GPC,Georgia,ADAMSVILLE - JACK MCDONOUGH 230KV LINE REBUILD,,ADAMSVILLE,JACK MCDONOUGH,,,230000,,2025-06-01,2023-06-01,6.1,6.1,Rebuild the entire 6.1 mile Adamsville - Jack McDonough 230kV line with 160C 1351 ACSS.,177; 234,VERIFIED
20342,Georgia Transmission Corporation,GTC,Georgia,GTC: CAMDEN INDUSTRIAL PARK 230/115KV NEW SUBSTATION,,CAMDEN INDUSTRIAL PARK,Kinlaw,,,230000,115000,2025-06-01,2024-01-01,,,"GTC will construct a new 230/115kV substation with a three element 230kV ring bus, two element 115kV ring bus, and one new 230/115kV 400MVA transformer. A new 115kV line to Kinlaw substation will be built also.",177; 238,VERIFIED
20464,Georgia Power,GPC,Georgia,NORCROSS 230KV BUS 1-3 SERIES BUS TIE BREAKER INSTALLATION,,NORCROSS,,,,230000,,2025-06-01,2023-11-01,,,Install a bus tie breaker in series with existing bus tie breaker between 230kV Bus 1 and Bus 3 at Norcross.,177; 243,VERIFIED
20590,Georgia Transmission Corporation,GTC,Georgia,GTC: EATONTON PRIMARY - LICK CREEK 115KV LINE SWITCH REPLACEMENT,,EATONTON PRIMARY,LICK CREEK,EATONTON,Lake Oconee,115000,,2025-06-01,2023-12-01,,,Replace a 1200A RLB line switch on the Eatonton - Lake Oconee 115kV line with a with motor operator and SCADA controls. This switch is located on GTC's Eatonton Primary - Lick Creek 115kV section of the Eatonton Primary - Lake Oconee 115kV Line.,177; 239,VERIFIED
17075,Georgia Power,SAV,Georgia,SAV: LITTLE OGEECHEE 230- 115KV: RELAY MODERNIZATION,,LITTLE OGEECHEE,Big Ogeechee,,,230000,115000,2025-12-31,2022-06-01,,,Relay modernization with conversion of the 230kV ring bus to BAAH topology and addition of BAAH rung for Big Ogeechee - Little Ogeechee (Red) 230kV Line. Rebuild 115kV straight bus to BAAH design.,178; 216,VERIFIED
18691,Georgia Transmission Corporation,GTC,Georgia,GTC: LIZARD LOPE - WESTOVER 115 KV NEW LINE,,LIZARD LOPE,WESTOVER,Gillionville,,115000,,2026-03-01,2021-06-01,19.8,19.8,"Construct two new 115kV stations, Lizard Lope and Westover, and build a new 19.8 miles of 115kV line from Lizard Lope to Gillionville",178; 254,VERIFIED
18774,Georgia Transmission Corporation,GTC,Georgia,GTC: HEARD COUNTY - TENASKA 500KV (SECOND LINE),,HEARD COUNTY,TENASKA,,,500000,,2025-12-01,2021-12-01,0.8,0.8,"GTC: Build a second Heard County - Tenaska 500kV line, 0.8 miles, with 100C (3) 1113 ACSR Bluejay conductors. Add a 500kV breaker at Heard County. GPC: Add a 500kV breaker at Tenaska.",178; 249,VERIFIED
18889,Georgia Power,GPC,Georgia,JEFFERSON STREET#3 - NORTHWEST (WHITE) 115 KV RECONDUCTOR,,JEFFERSON STREET#3,NORTHWEST (WHITE),NORTHWEST,WHITE,115000,,2025-12-01,2024-01-01,1.2,1.2,Rebuild the 115kV White line from Northwest to Jefferson Street #3 (1.2 miles) with 200C 1351 ACSS conductor.,178; 250,VERIFIED
19631,Georgia Power,GPC,Georgia,PINE GROVE PRIMARY 115 KV DUAL STAGE CAPACITOR BANK,,PINE GROVE PRIMARY,,,,115000,,2025-06-01,2023-11-01,,,Install a Dual Stage 30MVAR capacitor bank at Pine Grove Primary.,178; 244,VERIFIED
20010,Georgia Transmission Corporation,GTC,Georgia,GTC: ANTHONY SHOALS - WASHINGTON 115 KV LINE REBUILD,,ANTHONY SHOALS,WASHINGTON,Double Branches Junction,,115000,,2025-12-31,2024-01-01,21.0,21,Rebuild 21 miles of the Double Branches Junction - Washington 115kV line section with 100C 795 ACSR conductor or higher rated conductor.,178; 253,VERIFIED
20018,Georgia Power,GPC,Georgia,CC - QTS FAYETTEVILLE TRANSMISSION NEEDS,,QTS FAYETTEVILLE,Ashley Park,Ohara,Union City,500000,230000,2026-04-01,2023-06-01,6.0,6,"Build a new 500/230kV substation (Ashley Park) splitting the Ohara - Union City 500kV line. Install two 500/230kV auto transformers at the Ashley Park station. At Ashley Park, the 500kV side will be a 4 - breaker ring bus, while the 230kV side will be a 2 - rung Breaker and a Half configuration. Build two new 230kV lines (~6 miles each) from Ashley Park to the high side of customer substations. The new lines will be built with bundled 200C 1351 ACSS Martin conductor.",178; 255,VERIFIED
20067,Georgia Power,SAV,Georgia,SAV: DEPTFORD - MAGNOLIA 115KV RECONDUCTOR,,DEPTFORD,MAGNOLIA,,,115000,,2025-06-01,2023-01-01,5.0,5,Reconductor the Deptford - Magnolia 115kV line (approximately 5 miles) using 973.1 C7 ACCS (Everglades) conductor and upgrade the Deptford main bus.,178; 245,VERIFIED
20152,Georgia Power,GPC,Georgia,CC - CASS PINE- HILL VIEW 230 KV LINE- CC IMPROVEMENTS,,CASS PINE,HILL VIEW,,,230000,,2025-12-31,2023-06-01,7.58,7.58,Build a new 7.58 mile 200C 1351 ACSS conductor 230kV line between new Cass Pine and Hill View 230kV substations.,178; 251,VERIFIED
20175,Georgia Power,GPC,Georgia,CC - PROJECT CHRONOS- SK/HYUNDAI,,SK/HYUNDAI,Two Run Ranch,Cartersville,Pinson; SK Battery/Hyundai,230000,25000,2025-12-31,2023-07-31,,,GPC will build a 230/25kV station named Two Run Ranch and loop it into the Cartersville - Pinson 230kV line to serve SK Battery/Hyundai and new load in the area.,178; 252,VERIFIED
20326,Georgia Power,GPC,Georgia,ANTHONY SHOALS STATCOM SYSTEM,,ANTHONY SHOALS,,,,230000,,2025-12-31,2023-08-04,,,Install a + 150 / - 150 MVAR turnkey STATCOM system at Anthony Shoals 230kV substation.,178; 215,VERIFIED
20431,Georgia Power,GPC,Georgia,VILLA RICA LOW SIDE BREAKER,,VILLA RICA,,,,,,2025-06-01,2024-06-01,,,Replace a low side breaker at Villa Rica with a 4000A breaker.,178; 247,VERIFIED
20466,Georgia Power,GPC,Georgia,SMART VALVE INSTALLATION,,Eatonton Primary,Branch,Oasis,,230000,,2025-06-01,2023-10-01,,,Installation of Smart Valve devices inside the Eatonton Primary substation on the Branch - Oasis 230kV and Eatonton Primary - Oasis 230kV lines.,178; 246,VERIFIED
20684,Georgia Power,GPC,Georgia,CAMDEN INDUSTRIAL PARK (GPC),,CAMDEN INDUSTRIAL PARK,Colerain,Thalman,Kingsland; Kinlaw,230000,115000,2025-06-01,2024-01-01,,,This project will loop in GPC's existing Colerain to Thalman 230kV line into GTC's new Camden Industrial Park station. GPC's Kingsland termination at GTC's Kinlaw sub will be relocated to a new 115kV bay position.,178; 248,NEEDS_REVIEW
21046,Georgia Power,GPC,Georgia,THALMANN AND COLERAIN 23O KV LINE RELAY PANEL UPGRADES,,THALMANN,COLERAIN,Camden Industrial Park,,230000,115000,2025-06-01,2024-12-01,,,Relay protection modifications at GPC's Thalmann and Colerain substations to match relay scheme used at GTC's new Camden Industrial Park 230/115kV substation.,178; 214,VERIFIED
16007,Georgia Power,GPC,Georgia,FENWICK STREET - SAND BAR FERRY 115KV (RECONDUCTOR/REBUILD),,FENWICK STREET,SAND BAR FERRY,East Augusta Jct.,,115000,,2026-06-01,2022-09-01,2.72,2.72,Reconductor approximately 2.72 miles of transmission line from Fenwick St to East Augusta Jct. with 100C 1351 ACSR conductor.,179; 261,VERIFIED
18679,Dalton Utilities,DU,Georgia,DU: EAST DALTON - OOSTANAULA 115KV REBUILD,,EAST DALTON,OOSTANAULA,DALTON,,115000,,2026-06-01,2023-06-01,,,DU: Rebuild the portion of East Dalton - Oostanaula and Dalton - East Dalton 115kV double circuit lines between East Dalton substation and the Dalton substation frame with 200C 795 ACSS.,179; 260,VERIFIED
18960,Georgia Power,GPC,Georgia,BLANKETS CREEK - WOODSTOCK 115KV LINE REBUILD,,BLANKETS CREEK,WOODSTOCK,,,115000,,2026-06-01,2025-06-01,7.1,7.1,"Rebuild the entire Blankets Creek - Woodstock 115kV line, approximately 7.1 miles, with 200C 795 ACSS conductor.",179; 257,VERIFIED
19334,Georgia Transmission Corporation,GTC,Georgia,GTC: LAGRANGE - NORTH OPELIKA 230 KV,,LAGRANGE,NORTH OPELIKA,Metering Station,,230000,,2026-06-01,2023-06-01,,29.4; 15,"Build a new Lagrange - North Opelika (APC) 230kV line, 29.4 miles, with 100C ACSR 1351.5 Martin Conductor. GTC will construct the ~15 - mile section from Lagrange to the Metering Station near the Georgia - Alabama border. The Metering Station will be owned by GTC. GPC will construct the short line section from the Metering Station to the GA - AL state line. APC will construct the 230kV line from the GA - AL state line to North Opelika.",179; 267,VERIFIED
19597,Georgia Power,GPC,Georgia,ADAMSVILLE - BUZZARD ROOST 230KV REBUILD AND JUMPER UPGRADE,,ADAMSVILLE,BUZZARD ROOST,Boat Rock Road,Bakers Ferry; Boat Rock,230000,,2026-06-01,2024-06-01,8.08,8.08,Rebuild the line sections from Adamsville to Boat Rock Road (8.08 miles) on the Adamsville - Buzzard Roost 230kV line with 200C 1351 ACSS Martin conductor. Replace the AAC 750 jumper on the line at Adamsville with (2) 1590 AAC jumper. Replace 1590 AAC jumpers at Bakers Ferry and Boat Rock with (2) 1590 AAC jumpers. Replace 1600A line switches at Boat Rock with 3000A switches.,179; 256,VERIFIED
19618,Georgia Power,GPC,Georgia,GORDON-N DUBLIN 115KV (GORDON-ENGL MCI J) REBUILD,,GORDON,N DUBLIN,ENGL MCI J,Engelhard McIntyre; North Dublin,115000,,2026-06-01,2023-10-01,,2.81; 3.18,Rebuild the Gordon - Engelhard McIntyre J of the Gordon - North Dublin 115kV line from 100C 336.4 ACSR (2.81 miles) Linnet and 75C 4/0 F Copper/CW (3.18 miles) to 200C ACSS 795 conductor.,179; 263,VERIFIED
19706,Georgia Power,GPC,Georgia,GRID - GAINESVILLE #2 EQUIPMENT REPLACEMENT,,GAINESVILLE #2,GRID,,,230000,115000,2026-06-01,2024-12-31,,,GPC: Replace the two 230/115kV auto transformers (Bank C and D) at Gainesville #2 with 400MVA. Project was originally maintenance driven but now compliance driven.,179; 265,VERIFIED
20015,Georgia Transmission Corporation,GTC,Georgia,GTC: MORNING HORNET 2ND 230/115 KV BANK & THUMBS UP 115KV TL,,MORNING HORNET,THUMBS UP,,,230000,115000,2026-06-01,2024-06-01,2.4,2.4,"GTC to add a second 230/115kV auto transformer at Morning Hornet substation. Also, build an additional 115kV line from Morning Hornet to Thumbs Up, approximately 2.4 miles, using at least 100C 1351 ACSR conductor.",179; 268,VERIFIED
20216,Georgia Power,GPC,Georgia,CC - STONEWALL TELL ROAD (TA REALTY),,STONEWALL TELL ROAD,TA REALTY,STONEWALL TELL ROAD (TA REALTY),East Point; Union City,230000,,2026-06-01,2025-01-01,,,"Build 230kV line segment, using 200C 1351 ACSS Martin conductor, to loop in the Stonewall Tell Road (TA Realty) customer station into the East Point - Union City 230kV Black line.",179; 259,VERIFIED
20243,Georgia Power,GPC,Georgia,CC - GARRETT ROAD SWITCHING STATION - TRAE LANE,,GARRETT ROAD,TRAE LANE,Villa Rica,West Marietta,230000,,2026-06-01,2023-04-30,8.6,8.6,Build the new Garrett Road 230kV switching station (three - element ring bus) splitting the Villa Rica - West Marietta 230kV line. Build a new 230kV line (8.6 miles) from the Trae Lane substation to the Garrett Road switching station with bundled 100C 1351 ACSR conductor.,179; 258,VERIFIED
20474,Georgia Power,GPC,Georgia,GRADY 230/115KV RELAY MODERNIZATION,,GRADY,,,,230000,115000,2026-06-01,2024-01-01,,,"Upgrade protection on 230kV bus, all 115kV buses, and both 230/115kV auto transformers at Grady. Add adequate monitoring on DC supply. Install a 230kV breaker and associated switches on the high side of Grady 230/115kV auto transformer D.",179; 218,VERIFIED
20491,Georgia Power,GPC,Georgia,EAST POINT RELAY MODERNIZATION,,EAST POINT,,,,230000,115000,2026-06-01,2024-01-01,,,"Upgrade protection on 230kV buses, 115kV buses, and 230/115kV auto transformer at the East Point station. Add adequate monitoring on DC supply.",179; 217,VERIFIED
20516,Georgia Power,GPC,Georgia,"GOAT ROCK 230KV SWITCH, JUMPER, & LINE TRAP REPLACEMENT",,GOAT ROCK,North Opelika,,,230000,,2026-06-01,2024-01-01,,,"Replace the 230kV 1200A switch with 3000A, 90C 1351.5 ACSR Martin jumper with (2) AAC 1590, and 1600A line trap with 3000A (part of the Goat Rock - North Opelika 230kV line at Goat Rock substation.",179; 262,VERIFIED
21137,Georgia Transmission Corporation,GTC,Georgia,GTC: CONYERS - CORNISH MOUNTAIN 115KV LINE UPGRADE,,CONYERS,CORNISH MOUNTAIN,North Conyers,Cornish MTN,115000,,2026-06-01,2025-06-01,,,Upgrade 750 jumpers at North Conyers and raise the temperature rating of the 636 ACSR conductor on the Conyers - Cornish MTN 115kV line from 100C to 125C.,179; 266,VERIFIED
21139,Georgia Power,GPC,Georgia,GRADY - MORROW (WHITE) 115KV REBUILD,,GRADY,MORROW (WHITE),MORROW,Moreland Way,115000,,2026-06-01,2024-06-01,0.72,0.72,Replace 0.72 miles of conductor from Moreland Way to Morrow including the bus and jumper at Moreland Way with 1351.5 Martin/ACSS 54/19 conductor.,179; 264,VERIFIED
17900,Georgia Power,GPC,Georgia,UNION CITY - YATES 230 KV WHITE LINE REBUILD,,UNION CITY,YATES,,,230000,,2026-04-01,2023-06-01,23.4,23.4,Rebuild 23.4 miles of the Union City - Yates 230kV White line with bundled 1351 ACSS Martin conductor at 200C.,180; 279,NEEDS_REVIEW
18690,Georgia Power,GPC,Georgia,PALMYRA REACTOR REMOVAL,,PALMYRA,,,,,,2026-06-01,2023-05-01,,,Remove the 6% reactor at the Palmyra Substation.,180; 276,VERIFIED
19598,MEAG Power,MEAG,Georgia,MEAG: DRESDEN - LAGRANGE PRIMARY 230KV UPGRADE & JUMPERS,,DRESDEN,LAGRANGE PRIMARY,LAGRANGE,,230000,,2026-06-01,2024-06-01,,,MEAG will re-sag the Dresden - LaGrange Primary 230kV line to 125C. Replace the jumpers at Dresden and LaGrange with (2) 1590 AAC jumpers.,180; 273,VERIFIED
19636,Georgia Power,GPC,Georgia,HAMMOND - WEISS DAM 115KV LINE REBUILD,,HAMMOND,WEISS DAM,,,115000,,2026-06-01,2023-06-01,11.2,11.2,Rebuild 11.2 miles of Hammond - Weiss Dam 115kV from Hammond to the APC border with 200C 795 ACSS.,180; 271,VERIFIED
19966,Georgia Power,SAV,Georgia,SAV: CC - BIG OGEECHEE 500/230KV (CC NETWORK IMPROVEMENTS),,BIG OGEECHEE,Little Ogeechee,McCall Road,Thalmann; Meldrim,500000,230000,2026-06-01,2023-06-01,,,"Construct a new substation near Little Ogeechee, adjacent to the 500kV and 230kV shared right of way for McCall Road - Thalmann 500kV and the Little Ogeechee - Meldrim 230kV Black and White lines. The new substation will loop in the existing McCall Road - Thalmann 500kV line, the existing Little Ogeechee - Meldrim 230kV lines, and accommodate a new 1344MVA 500/230kV auto transformers with an additional 230kV connection to Little Ogeechee.",180; 278,VERIFIED
19999,Georgia Transmission Corporation,GTC,Georgia,GTC: ROBINS SPRING BUS REPLACEMENT,,ROBINS SPRING,,,,115000,,2026-06-01,2023-06-01,,,GTC: Replace the main 115kV bus 90C ACSR 336.4 Linnet conductor with higher rating.,180; 269,VERIFIED
20001,Georgia Transmission Corporation,GTC,Georgia,GTC: ROBINS SPRING CAPACITOR BANK INSTALLATION,,ROBINS SPRING,,,,115000,,2026-06-01,2023-01-01,,,Install a 115kV 2 - stage 22.5MVAR (45MVAR total) capacitor bank at Robins Spring,180; 270,VERIFIED
20066,Georgia Power,SAV,Georgia,SAV: BOULEVARD - DEPTFORD 115KV RECONDUCTOR,,BOULEVARD,DEPTFORD,Bolton,,115000,,2026-06-01,2025-06-01,8.0,8,Reconductor the Boulevard - Deptford 115kV line (approximately 8 miles) using 973.1 C7 ACCS (Everglades) conductor. Upgrade main bus and jumpers at Bolton substation from 90C 1590 AAC Coreopsis to 90C (2)1590 AAC Coreopsis or higher rated equipment.,180; 277,VERIFIED
20270,MEAG Power,MEAG,Georgia,MEAG: RAY PLACE RD - WASHINGTON #3,,RAY PLACE RD,WASHINGTON #3,WASHINGTON,Washington 2,115000,,2026-06-01,2024-01-01,17.4,17.4,Rebuild the Ray Place Rd - Washington 115kV line with 100C 795 ACSR conductor (total 17.4 Miles) between Ray Place Rd and Washington 2. Replace Jumpers and bus at Washington 2.,180; 274,VERIFIED
20271,MEAG Power,MEAG,Georgia,MEAG: RAY PLACE RD - WASHINGTON (WASHINGTON - WASHINGTON 3),,RAY PLACE RD,WASHINGTON,WASHINGTON 3,,115000,,2026-06-01,2025-06-01,1.2,1.2,MEAG will rebuild the Ray Place Rd - Washington 115kV line with 100C 1351 ACSR conductor (total 1.2 Miles) between Washington and Washington 3. Replace jumpers at Washington.,180; 275,VERIFIED
20277,Georgia Power,SAV,Georgia,SAV: MCINTOSH - PURRYSBURG 230KV REACTORS,,MCINTOSH,PURRYSBURG,,,230000,,2026-06-01,2024-01-01,0.1,0.1,Install reactors on the McIntosh - Purrysburg (Black and White) 230kV tie lines at McIntosh. Rebuild 0.1 miles (GPC portion) for both lines to (2) 200C 1351 ACSS conductor.,180; 227,VERIFIED
20300,Georgia Power,GPC,Georgia,MORROW 115KV RELAY UPGRADE,,MORROW,,,,115000,,2026-06-01,2024-06-01,,,Upgrade protection scheme on all three 115kV buses at Morrow.,180; 220,VERIFIED
20489,Georgia Power,GPC,Georgia,SCOTTDALE RELAY MODERNIZATION,,SCOTTDALE,,,,230000,115000,2026-06-01,2024-01-01,,,Upgrade protection on 230kV bus and 230/115kV auto transformers at the Scottdale station. Add adequate monitoring on DC supply.,180; 221,VERIFIED
20490,Georgia Power,GPC,Georgia,KLONDIKE RELAY MODERNIZATION,,KLONDIKE,,,,230000,,2026-06-01,2024-01-01,,,Upgrade protection on 230kV buses at the Klondike station. Add adequate monitoring on DC supply.,180; 219,VERIFIED
20512,Georgia Power,GPC,Georgia,KATHLEEN AREA IMPROVEMENTS,,KATHLEEN,Big Grocery Creek,Bonaire Primary,,230000,,2026-06-01,2024-01-01,,1.5; 6,Rebuild the Kathleen - Big Grocery Creek 230kV line (approximately 1.5 miles). Rebuild the Bonaire Primary - Kathleen 230kV line (approximately 6 miles). Upgrade limiting elements at Kathleen substation.,180; 272,VERIFIED
15879,Georgia Power,GPC,Georgia,POSSUM BRANCH - YATES COMMON 115KV REBUILD (YATES TO CLEM),,POSSUM BRANCH,YATES COMMON,CLEM,Oak Mountain,115000,,2027-05-01,2025-06-01,11.2,11.2,Rebuild 11.2 miles of 100C 477 ACSR with 200C 1334 T13 ACCR Martin or 200C 1351.0 ACSS between Yates Common to Oak Mountain. Replace limiting elements along the line.,181; 291,VERIFIED
18832,MEAG Power,MEAG,Georgia,MEAG: FORTSON 230KV SUBSTATION MODERNIZATION,,FORTSON,,,,230000,,2027-01-13,2025-01-01,,,"Complete modernization and replacement of obsolete equipment and relays for the 500kV, 230kV, and 115kV yards. Add a redundant relay scheme at Fortson.",181; 223,NEEDS_REVIEW
19287,Georgia Power,GPC,Georgia,GRADY-WEST END 115KV REBUILD,,GRADY,WEST END,,,115000,,2026-12-31,2022-06-01,2.6,2.6,Reconductor the Grady - West End 115kV line (2.6 miles) using 200C 1351 ACSS Martin.,181; 286,VERIFIED
19363,Georgia Power,GPC,Georgia,MORROW - MOUNTAIN VIEW 115 KV REBUILD,,MORROW,MOUNTAIN VIEW,Barnett Road,,115000,,2026-12-31,2024-01-01,,,Rebuild the Mountain View - Barnett Road section of the Morrow - Mountain View 115kV line with 200C 1351 ACSS Martin conductor.,181; 287,VERIFIED
19601,Georgia Power,GPC,Georgia,MORROW - YATES COMMON 115KV LINE UPGRADE,,MORROW,YATES COMMON,Fife,Fairburn SW; Owens Corning,115000,,2027-05-01,2024-05-01,5.8,5.8,"On the Fife - Fairburn SW - Owens Corning Tap sections of the Morrow - Yates Common 115kV line, rebuild approximately 5.8 miles of 50C 477 ACSR with 210C 1334 T13 ACCR Martin or 200C 1351.0 ACSS Martin.",181; 290,VERIFIED
19635,Georgia Transmission Corporation,GTC,Georgia,GTC: HICKORY LEVEL - VILLA RICA 230KV LINE RECONDUCTOR,,HICKORY LEVEL,VILLA RICA,,,230000,,2027-05-01,2024-05-01,8.6,8.6,GTC will reconductor from 100C 1351 ACSR to 160C 1351 ACSS on 8.6 miles of 230kV line. A 2000A line trap at Villa Rica will also be replaced with a 3000A line trap.,181; 289,VERIFIED
20002,Georgia Transmission Corporation,GTC,Georgia,GTC: GORDON - SANDERSVILLE #1 115KV LINE REBUILD,,GORDON,SANDERSVILLE #1,SANDERSVILLE,,115000,,2026-12-01,2023-02-01,1.87,1.87,Rebuild the 1.87 miles of Sandersville #1 - Sandersville #6 line section of the Gordon - Sandersville #1 115kV line from 100C ACSR 336 conductor to 100C ACSR 795 conductor.,181; 284,VERIFIED
20151,Georgia Power,GPC,Georgia,CC - CASS PINE 230/25 NEW SUB - QCELLS - CC IMPROVEMENTS,,CASS PINE,QCELLS,Great Valley,Hill View,230000,25000,2026-12-31,2024-06-01,,,Build a new 230/25kV 8 element ring bus networked substation named Cass Pine that will interconnect between new Great Valley and Hill View 230kV substations.,181; 285,VERIFIED
20223,Georgia Power,GPC,Georgia,CC - PROJECT PAYTON BAINBRIDGE,,BAINBRIDGE,Farley,South Bainbridge,Dothan Road; Downrange; Climax,230000,,2026-06-30,2024-06-01,,8.5; 10,Split Farley - South Bainbridge 230kV line with a 230kV station (Dothan Road) and bring an 8.5 mile 200C 1351 ACSS 230kV line from Dothan Rd to new customer sub Downrange. Bring another 10mile 200C 1351 ACSS 230kV line from Climax to customer sub Downrange.,181; 281,VERIFIED
20273,Georgia Transmission Corporation,GTC,Georgia,GTC: DRESDEN 500KV BUS EXPANSION,,DRESDEN,O'Hara,Wansley,Talbot,500000,,2026-12-01,2024-12-01,,,GTC will expand the Dresden 500kV bus into a 5 - element ring bus configuration. Loop the O'Hara - Wansley 500kV line into the Dresden 500kV substation and allow for future Dresden - Talbot 500kV line termination.,181; 283,VERIFIED
20509,Georgia Power,GPC,Georgia,CC - EMBLEM RIVERSIDE CUSTOMER SUB (FLEXENTIAL),,EMBLEM RIVERSIDE,FLEXENTIAL,Buzzard Roost,Douglasville,230000,,2027-03-01,2025-06-01,,,"A new customer substation, Emblem Riverside, is being built along the Buzzard Roost - Douglasville 230kV line. Moreover, a Fiber ICON ring is being built in the area to help with communications and protection for all customers in the area.",181; 288,VERIFIED
20668,Georgia Power,GPC,Georgia,DRESDEN LINE PROTECTIVE RELAYING,,DRESDEN,O'Hara,Wansley,,500000,,2026-12-01,2024-12-01,,,"On the O'Hara - Wansley 500kV line, replace the protective relay panels associated with the 500kV line terminal facing Dresden, at both O'Hara and Wansley.",181; 222,VERIFIED
20691,Georgia Power,GPC,Georgia,UNION CITY - YATES 230KV (WHITE) SWITCH AND TRAP REPLACEMENT,,UNION CITY,YATES,,,230000,,2026-06-01,2024-05-15,,,Replace the limiting elements at Union City and Yates substations along the Union City - Yates 230kV (White) line.,181; 280,VERIFIED
20874,Georgia Transmission Corporation,GTC,Georgia,GTC: BARNESVILLE PRIMARY- BARNESVILLE #1 115KV RECONDUCTOR,,BARNESVILLE PRIMARY,BARNESVILLE #1,Lamar County Industrial,BARNESVILLE,115000,,2026-12-01,2024-06-01,4.53,4.53,Rebuild approximately 4.53 miles of the Barnesville Primary - Barnesville #1 segment on the Barnesville Primary - Lamar County Industrial 115kV line.,181; 282,VERIFIED
21022,Georgia Power,GPC,Georgia,OHARA BREAKER REPLACEMENT,,OHARA,Tara,,,115000,,2026-10-01,2025-10-01,,,Replace Breaker on the Ohara - Tara 115kV Line at the Ohara Substation.,181; 225,VERIFIED
09662,Georgia Transmission Corporation,GTC,Georgia,GTC: EAST WALTON 500/230KV PROJECT,,EAST WALTON,Bostwick,Rockville,Bethabara; Jack's Creek; East Social Circle; East Watkinsville; Scherer; Warthen; Doyle; LG&E Monroe,500000,230000,2027-06-01,2023-06-01,,,"GTC: - Construct the East Walton 500/230kV substation. - Construct the Bostwick 230kV switching station. - Construct the East Walton - Rockville 500kV line (3 - 100C 1113 ACSR). - Construct the Bethabara - East Walton 230kV line (170C 1351.5 ACSS). - Construct the Bostwick - East Walton 230kV line (170C 1351.5 ACSS). - Construct the East Walton - Jack's Creek 230kV line (170C 1351.5 ACSS). - At Bethabara, terminate the East Walton 230kV line. - Loop the East Social Circle - East Watkinsville 230kV line into Bostwick. - Replace line trap at East Watkinsville on the Bostwick 230kV line. GPC: - Construct the Rockville 500kV switching station. - Loop the Scherer - Warthen 500kV line into Rockville. - Loop the Doyle - LG&E Monroe 230kV line into Jack's Creek. MEAG: - Construct the Jack's Creek 230kV switching station.",182; 301,VERIFIED
18668,Georgia Power,GPC,Georgia,JESUP - OFFERMAN 115KV REBUILD,,JESUP,OFFERMAN,,,115000,,2027-06-01,2021-04-06,20.0,20,"Rebuild 20 miles of 100C 4/0 ACSR Penguin conductor along the Jesup - Offerman 115kV line, with 100C 795 ACSR Drake conductor.",182; 308,VERIFIED
18736,Georgia Power,GPC,Georgia,CC - MICROSOFT - SHUGART (CCO06),,MICROSOFT,SHUGART,Line Creek,Morrow; Yates; Union City; Shugart Farms,230000,,2027-06-01,2022-12-31,0.3,0.3,"GPC will rebuild the Line Creek 230kV substation as breaker and a half configuration and connect the Morrow - Yates 230kV line and the Union City - Yates 230kV White line into Line Creek. For the Union City - Yates 230kV Black line, terminate the line from the Yates side into Shugart Farms, and the line from the Union City side into Line Creek. Build two short lines from Line Creek to Shugart Farms (0.3 miles each) with 100C 1351 ACSR Martin conductor.",182; 293,VERIFIED
19358,Georgia Transmission Corporation,GTC,Georgia,GTC: EAST MOULTRIE - HIGHWAY 112 230 KV LINE,,EAST MOULTRIE,HIGHWAY 112,HWY 112,,230000,,2027-06-01,2022-06-01,27.0,27,Build a new 27 miles of 230kV line between HWY 112 and East Moultrie substations with 100C 1351 ACSR conductor.,182; 300,VERIFIED
19606,Georgia Transmission Corporation,GTC,Georgia,GTC: SKC 115KV BUS AND JUMPER REPLACEMENT,,SKC,,,,115000,,2027-06-01,2025-06-01,,,Replace the 115kV bus and jumpers at SKC substation with higher rated bus and jumpers with rating higher than 255MVA.,182; 305,VERIFIED
19622,Georgia Transmission Corporation,GTC,Georgia,GTC: RIDDLEVILLE BUS REPLACEMENT,,RIDDLEVILLE,,,,115000,,2027-06-01,2023-01-09,,,GTC will replace the main 115kV bus at Riddleville substation with higher rating.,182; 304,VERIFIED
20020,Georgia Transmission Corporation,GTC,Georgia,GTC: SOUTH HAZLEHURST - NEW LACY 230KV LINE,,SOUTH HAZLEHURST,NEW LACY,,,230000,,2027-06-01,2024-01-15,25.0,25,GTC will build a new 230kV transmission line between South Hazlehurst (bus 2) and New Lacy substation (approximately 25 miles) with 100C ACSR 1351 Martin conductor. Do all the necessary upgrade work to accommodate the additional line in both facilities.,182; 306,VERIFIED
20234,Georgia Power,GPC,Georgia,DOYLE - LG&E MONROE 230KV - JACKS CREEK LOOP IN,,DOYLE,LG&E MONROE,JACKS CREEK,Jack's Creek,230000,,2027-06-01,2027-01-03,,,Loop in and out the new Jack's Creek 230kV switching station into the Doyle - LG&E Monroe 230kV line. This is coordinated with the East Walton Project (TEAMS #09662).,182; 296,VERIFIED
20505,Georgia Transmission Corporation,GTC,Georgia,GTC: GARRETT RD - V. RICA 230KV LINE RECONDUCTOR (CC NET IM),,GARRETT RD,V. RICA,East Villa Rica Switching station,Garrett Road; Villa Rica,230000,,2027-06-01,2027-01-01,,11.5; 2.5,"GTC will reconductor the section from East Villa Rica Switching station to Garrett Rd with 160C 1351 ACSS on 11.5 miles of the Garrett Road - Villa Rica 230kV line. Additionally, the 2.5 miles section from East Villa Rica Switching Station to Villa Rica will be rebuilt with bundled 200C 1351 ACSS Martin.",182; 303,VERIFIED
20506,Georgia Transmission Corporation,GTC,Georgia,GTC: SWITCH WAY - THORNTON ROAD 230KV LINE REBUILD,,SWITCH WAY,THORNTON ROAD,Thornton Rd,,230000,,2027-06-01,2025-01-01,1.3,1.3,GTC will rebuild the 1.3 mile Switchway - Thornton Rd 230kV line with 200C 1351 ACSS.,182; 307,VERIFIED
20736,Georgia Power,GPC,Georgia,CC - TA REALTY ELLENWOOD NETWORK IMPROVEMENTS,,TA REALTY ELLENWOOD,Austin Drive,Morrow,,230000,115000,2027-06-01,2024-06-01,14.9,14.9,"Rebuild the ~14.9mi Austin Drive - Morrow 115kV with 200C 1351.5 ACSS Martin. At Austin Drive 115kV, replace the 115/230kV auto transformer along with upgrades other limiting elements at the station.",182; 295,VERIFIED
20771,Georgia Power,GPC,Georgia,CC - GULLATT ROAD TRANSMISSION IMPROVEMENTS,,GULLATT ROAD,Morrow,Yates Common,Line Creek; Fairburn #2; Owens Corning; North Coweta,115000,,2027-06-01,2024-06-01,,,Upstream Transmission improvements to serve a new customer station being built along the Morrow - Yates Common 115kV and Line Creek - Fairburn #2 115kV lines. Rebuild the Morrow - Yates Common 115kV line from Line Creek to the new Gullatt Road customer station. Rebuild the Line Creek - Fairburn #2 115kV line from Line Creek to the new Gullatt Road customer station. Remove the Owens Corning Tap Connection on the Morrow - Yates Common 115kV line and rebuild the line from North Coweta to Str 1. Build new line section from Str 1 to the new Gullatt Road customer station,182; 292,VERIFIED
20776,Georgia Transmission Corporation,GTC,Georgia,GTC: DOUGLASVILLE - VILLA RICA 230KV REBUILD (CC IMPROVEMENT),,DOUGLASVILLE,VILLA RICA,East Villa Rica,VILLA; East Villa Rica Switching station,230000,,2027-06-01,2025-06-01,2.5,2.5,Rebuild the 2.5 mile section from Villa to the new East Villa Rica Switching station on the Douglasville - Villa Rica 230kV line with bundled 200C 1351 ACSS Martin.,182; 298,VERIFIED
20778,Georgia Transmission Corporation,GTC,Georgia,GTC: DOYLE - WINDER PRIMARY 230KV LINE JUMPER REPLACEMENT,,DOYLE,WINDER PRIMARY,WINDER,,230000,,2027-06-01,2025-12-31,,,Replace the limiting AAC 1033 jumper with AAC 1590 at Doyle on the Doyle - Winder Primary 230kV line.,182; 299,VERIFIED
20781,Georgia Power,GPC,Georgia,CC - SUMMER LAKE - VILLA RICA 230KV REBUILD (CC IMPROVMNT),,SUMMER LAKE,VILLA RICA,East Villa Rica,,230000,,2027-06-01,2025-06-01,2.5,2.5,Rebuild the 2.5 mile section from Villa Rica to the new East Villa Rica Switching station on the Summer Lake - Villa Rica 230kV line with bundled 200C 1351 ACSS Martin.,182; 294,NEEDS_REVIEW
20858,Georgia Transmission Corporation,GTC,Georgia,GTC: ADAMSVILLE - BUZZARD ROOST 230KV REBUILD,,ADAMSVILLE,BUZZARD ROOST,Boat Rock Road,,230000,,2027-06-01,2025-06-01,5.0,5,GTC plans to rebuild 5 miles of line from Buzzard Roost to Boat Rock Road with 200C 1351 ACSS Martin.,182; 297,VERIFIED
10143,Georgia Power,GPC,Georgia,LAWRENCEVILLE - WINDER 115KV LINE REBUILD,,LAWRENCEVILLE,WINDER,Johns Manville,Winder Primary,115000,,2027-06-01,2026-10-15,1.2,1.2,Rebuild approximately 1.2 miles of 100C 636 ACSR conductor from Johns Manville to Winder Primary with 200C 795 ACSS conductor.,183; 309,VERIFIED
10481,Georgia Power,GPC,Georgia,LAWRENCEVILLE - WINDER PRIMARY 230KV LINE REBUILD,,LAWRENCEVILLE,WINDER PRIMARY,,,230000,,2027-06-01,2024-06-01,15.4,15.4,"Rebuild the entire Lawrenceville - Winder Primary 230kV line, approximately 15.4 miles, using 200C 1351 ACSS ""Martin"" conductor.",183; 310,VERIFIED
17977,Georgia Power,GPC,Georgia,ATHENA - EAST WATKINSVILLE 115 KV (REBUILD),,ATHENA,EAST WATKINSVILLE,University of Georgia,,115000,,2027-12-31,2024-08-01,8.47,8.47,Rebuild 8.47 miles of the University of Georgia - East Watkinsville line sections on the Athena - East Watkinsville 115kV line with 100C ACSR 1033 conductor.,183; 318,VERIFIED
18573,Georgia Power,GPC,Georgia,GRID - ARKWRIGHT - LLOYD SHOALS 115KV,,ARKWRIGHT,LLOYD SHOALS,,,115000,,2027-07-30,2021-06-01,,,Rebuild the Arkwright - Lloyd Shoals 115kV line with 100C 795 ACSR Drake.,183; 316,VERIFIED
19248,Georgia Power,GPC,Georgia,SANDERSVILLE #1 - WADLEY PRI. 115KV REBUILD/RECONDUCTOR,,SANDERSVILLE #1,WADLEY PRI.,Wadley Primary,,115000,,2027-06-01,2022-02-15,24.3,24.3,Rebuild approximately 24.3 miles of the Sandersville #1 - Wadley Primary 115kV line from 100C 336 ACSR Linnet conductor to 100C 1351 ACSR Drake conductor. Replace limiting elements in substations along the line.,183; 312,VERIFIED
19997,Georgia Power,GPC,Georgia,AULTMAN ROAD-PERRY 115KV LINE REBUILD,,AULTMAN ROAD,PERRY,PPG J2,Langston Road,115000,,2028-06-01,2025-06-01,,,Rebuild the PPG J2 - Langston Road line section of the Aultman Road - Perry 115kV line from 100C 336 ACSR Linnet conductor to 200C 1351 ACSS conductor.,183; 321,VERIFIED
20024,Georgia Power,GPC,Georgia,DYER ROAD - EAST ROANOKE 115KV (REBUILD),,DYER ROAD,EAST ROANOKE,Wansley,East Roanoke (APC),115000,,2027-12-31,2025-06-01,20.7,20.7,Rebuild 20.7 miles of 75C 397.5 ACSR conductor with advanced conductor from Dyer Road to Wansley tap on the Dyer Road - East Roanoke (APC) 115kV line.,183; 320,VERIFIED
20065,Georgia Power,SAV,Georgia,SAV: GOSHEN (SAV) - MCINTOSH 115KV LINE REBUILD,,GOSHEN (SAV),MCINTOSH,Goshen (Savannah),Georgia Pacific (Rincon),115000,,2027-06-01,2025-06-01,6.7,6.7,"Rebuild the Goshen (Savannah) - Georgia Pacific (Rincon) section, approximately 6.7 miles, of the Goshen (Sav) - McIntosh 115kV line using 100C 795 ACSR Drake conductor.",183; 314,VERIFIED
20150,Georgia Power,GPC,Georgia,CC - HILL VIEW & GRASSY HOLLOW SUB - CC IMPROVEMENTS,,HILL VIEW,GRASSY HOLLOW,Cartersville,McGrau Ford; Cass Pine; Great Valley,230000,,2027-12-31,2023-06-01,,8.5; 10.1,Build two 230kV switching stations (Hill View and Grassy Hollow) looping into the Cartersville - McGrau Ford 230kV line (8.5 miles apart). Build two new 230kV lines: Cass Pine - Great Valley and Great Valley - Grassy Hollow (total 10.1 miles) with 200C 1351 ACSS Martin.,183; 319,VERIFIED
20264,MEAG Power,MEAG,Georgia,MEAG: RAY PLACE RD - WARRENTON PRIMARY,,RAY PLACE RD,WARRENTON PRIMARY,WARRENTON,,115000,,2027-06-01,2026-01-01,10.0,10,Rebuild 10 miles of Ray Place - Warrenton Primary 115kV line with 100C 2 - 1351 ACSR conductor and replace 1590 AAC Coreopsis jumpers at Warrenton.,183; 311,VERIFIED
20591,Georgia Transmission Corporation,GTC,Georgia,GTC: EATONTON PRIMARY (035591) - LICK CREEK 115KV REBUILD,,EATONTON PRIMARY,LICK CREEK,,,115000,,2027-12-01,2023-10-01,7.5,7.5,Rebuild approximately 7.5 miles Eatonton Primary - Lick Creek 115kV line section with 100C 795 ACSR conductor.,183; 317,VERIFIED
20717,Georgia Power,GPC,Georgia,CC - TOMOCHICHI 500/230KV SOLUTION (CC NETWORK IMPROVEMENTS),,TOMOCHICHI,Ohara,Schere,Towaliga River,500000,230000,2027-07-15,2024-06-01,,,"Build the new Tomochichi 500/230kV switching station (four element ring bus 500kV high side, four element breaker and a half 230kV low side) splitting the Ohara - Schere 500kV line. Build two new 230kV lines from the new Tomochichi substation to the new Towaliga River 230kV substation.",183; 315,VERIFIED
20774,Georgia Power,GPC,Georgia,CC - VILLA RICA UPGRADES (CC NETWORK IMPROVEMENTS),,VILLA RICA,Bowen,Union City,,500000,230000,2028-06-01,2026-06-01,,,Loop in the Bowen - Union City line into Villa Rica 500kV bus and add a second 2016 MVA 500/230kV auto transformer. Convert the 230kV side to a 10 element breaker and a half scheme.,183; 323,VERIFIED
20785,Georgia Power,SAV,Georgia,SAV: GOSHEN (SAV) - KRAFT 115KV LINE REBUILD,,GOSHEN (SAV),KRAFT,Godley J,Rice Hope,115000,,2027-06-01,2024-06-01,9.3,9.3,Rebuild 9.3 miles of Goshen - Kraft 115kV line from Kraft - Godley J - Rice Hope from 100C 795 ACSR Drake to 200C 1351 ACSS Martin.,183; 313,VERIFIED
20797,Georgia Power,GPC,Georgia,CC - EAST VILLA RICA AREA SWITCHING STATION (CC IMPROVEMENT),,EAST VILLA RICA,VILLA RICA,,,230000,,2028-06-01,2025-06-01,2.5,2.5,Build a 7 rung breaker and a half switching station along the right of way of the (3) 230kV lines about 2.5 miles East of Villa Rica to service recently signed customers in the area. All three lines will terminate into this station.,183; 322,VERIFIED
08458,Georgia Transmission Corporation,GTC,Georgia,GTC: BARNESVILLE - SOUTH GRIFFIN 230KV PROJECT,,BARNESVILLE,SOUTH GRIFFIN,,,230000,,2028-06-01,2026-01-01,19.0,19,"Construct 19 miles of 230kV circuit, on existing ROW, using200C 1351 ACSS conductor from South Griffin 230/115kV substation to the Barnesville 230/69kV substation.",184; 325,VERIFIED
13166,Georgia Power,GPC,Georgia,FIRST AVENUE - NORTH COLUMBUS 115KV LINE REBUILD,,FIRST AVENUE,NORTH COLUMBUS,,,115000,,2028-12-01,2028-01-01,0.9,0.9,Rebuild the 0.9 miles North Columbus - First Avenue 115kV line (currently 75C 657 ACAR) with 200C 1351 ACSS conductor.,184; 339,VERIFIED
19629,MEAG Power,MEAG,Georgia,MEAG: BRUMBLEY CREEK - SOUTH BAINBRIDGE 115KV REBUILD,,BRUMBLEY CREEK,SOUTH BAINBRIDGE,Roddenbery,Thomasville,115000,,2028-06-01,2024-01-01,2.1,2.1,Rebuild 2.1 miles segment from line tap into Roddenbery Station on the South Bainbridge - Thomasville 115kV line from 50C ACSR TW 762.8 to 200C 1351 ACSS conductor.,184; 330,VERIFIED
19630,MEAG Power,MEAG,Georgia,MEAG: THOMASVILLE 230/115KV AUTOBANK REPLACEMENT,,THOMASVILLE,,,,230000,115000,2028-06-01,2027-06-01,,,Replace the 140MVA 230/115kV auto transformer #4 at Thomasville substation.,184; 331,VERIFIED
19992,Georgia Transmission Corporation,GTC,Georgia,GTC: BOSTWICK - EAST SOCIAL CIRCLE 230KV RECONDUCTOR,,BOSTWICK,EAST SOCIAL CIRCLE,East Watkinsville,,230000,,2028-06-01,2024-12-31,10.8,10.8,Reconductor 10.8 miles of the East Social Circle - East Watkinsville 230kV line (up to future Bostwick location) from 1033 ACSR Curlew conductor to 1033 ACCR 200C conductor.,184; 328,VERIFIED
20274,Georgia Power,GPC,Georgia,UNION CITY - YATES 230KV (BLACK) LINE REBUILD,,UNION CITY,YATES,Fairburn #1,Line Creek,230000,,2028-06-01,2025-06-01,,,"Rebuild the Union City - Yates 230kV Black line with bundled 200C 1351 ACSS Martin conductor. Replace limiting elements at Union City, Fairburn #1 and Line Creek substations.",184; 338,VERIFIED
20407,Georgia Power,SAV,Georgia,SAV: MAGNOLIA - TRUMAN PARKWAY 115KV REBUILD,,MAGNOLIA,TRUMAN PARKWAY,,,115000,,2028-06-01,2025-06-01,3.0,3,Rebuild 3 miles of the Magnolia - Truman Parkway 115kV from 75C 927 ACAR to 200C 1351 ACSS Martin conductor or higher rated conductor. Upgrade 1200A switches at Magnolia substation to 2000A switches and jumpers at Truman Parkway.,184; 335,VERIFIED
20482,Georgia Power,GPC,Georgia,PITTMAN ROAD - WEST POINT DAM (USA) 115KV REBUILD,,PITTMAN ROAD,WEST POINT DAM (USA),,,115000,,2028-06-01,2025-06-01,3.0,3,Rebuild 3 miles from the Pittman Road 115kV station to the West Point Dam (USA) 115kV station with 100C 1351 ACSS Martin conductor. Replace AAC 750 jumper at Pittman Road 115kV with (2) 1590 AAC.,184; 332,VERIFIED
20503,Georgia Transmission Corporation,GTC,Georgia,GTC: BARNEYVILLE - EAST MOULTRIE 115KV NEW LINE,,BARNEYVILLE,EAST MOULTRIE,,,115000,,2028-06-01,2025-06-01,20.0,20,Build a new 20 miles of 115kV line with 200C 1351 ACSS from Barneyville to East Moultrie. Add 115kV breakers to Barneyville and East Moultrie substations.,184; 326,VERIFIED
20656,Georgia Power,GPC,Georgia,PLANT YATES BREAKER AND HALF STATION,,YATES,PLANT YATES,,,,,2028-06-01,2024-05-01,,,Rebuild the Yates 6 & 7 substation to a Breaker and a Half configuration.,184; 333,VERIFIED
20768,Georgia Power,GPC,Georgia,SOUTH MACON 115KV BUSES 1 & 2 REPLACEMENT,,SOUTH MACON,,,,115000,,2028-06-01,2025-01-15,,,Replace the 115kV buses 1 and 2 at South Macon with (2) 1590 AAC.,184; 337,VERIFIED
20777,Georgia Power,GPC,Georgia,JACK MCDONOUGH - NORTHWEST (BLACK) 230KV RECONDUCTOR,,JACK MCDONOUGH,NORTHWEST (BLACK),,,230000,,2028-06-01,2025-06-01,4.59,4.59,Rebuild the Jack McDonough - Northwest (Black) 230kV line (4.59 miles) using 200C 1351 Elbrus/TW.,184; 329,VERIFIED
20783,Georgia Power,SAV,Georgia,SAV: COLEMAN - DEAN FOREST 115KV LINE REBUILD,,COLEMAN,DEAN FOREST,,,115000,,2028-06-01,2025-06-01,6.67,6.67,Rebuild entire line from Coleman to Dean Forest. 6.67 miles of 100C 477 Hawk Conductor with 200C 1351 ACSS Martin conductor.,184; 334,VERIFIED
20873,Georgia Transmission Corporation,GTC,Georgia,GTC: BONAIRE PRIMARY 500/230KV XFMR REPLCMNT & RELAY MOD,,BONAIRE PRIMARY,BONAIRE,,,500000,230000,2028-06-01,2024-03-14,,,"Replace 500/230kV, auto transformer C with a new 448 MVA transformer. Replace obsolete relay panels.",184; 327,VERIFIED
21048,Georgia Power,GPC,Georgia,FITZGERALD - PITTS 115 KV LINE REBUILD,,FITZGERALD,PITTS,,,115000,,2028-06-01,2025-06-01,26.14,26.14,Rebuild approximately 26.14 miles of the Fitzgerald - Pitts 115kV line with 200C 1351 ACSS.,184; 324,VERIFIED
21069,Georgia Power,GPC,Georgia,SMART VALVES AT EAST VILLA RICA SWITCHING STATION,,EAST VILLA RICA,Douglasville,VILLA RICA,Summer Lake; Cavender Drive,230000,,2028-06-01,2028-06-01,,,Installation of Power Flow Controllers at the new East Villa Rica Switching Station on the Douglasville - Villa Rica 230kV and Summer Lake - Villa Rica 230kV lines. The Power Flow Controllers will be removed when GTCs strategic project at Cavender Drive goes in service.,184; 336,VERIFIED
10222,Georgia Power,GPC,Georgia,BLAKELY PRIMARY - HUCKLEBERRY 115KV REBUILD,,BLAKELY PRIMARY,HUCKLEBERRY,Blakley Primary,BLAKELY,115000,,2029-06-01,2025-06-01,13.5,13.5,Rebuild the Blakley Primary - Huckleberry 115kV line from 75C 477 ACSR to 200C 1351 ACSS. (13.5 miles) GPC: Replace jumpers at Blakely Primary GTC: Replace jumpers at Blakely and Huckleberry,185; 342,VERIFIED
10814,Georgia Transmission Corporation,GTC,Georgia,GTC: BAY CREEK 230/115KV SECOND AUTO TRANSFORMER,,BAY CREEK,,,,230000,115000,2029-06-01,2028-06-01,,,"Install a second 230/115kV, 400 MVA auto transformer at the Bay Creek substation.",185; 349,VERIFIED
16887,Georgia Power,GPC,Georgia,BUTLER - THOMASTON 230KV LINE CONVERSION,,BUTLER,THOMASTON,Wesley,,230000,,2029-06-01,2025-01-01,,,Rebuild the radial Thomaston - Butler 115kV line to 230kV network operation. Make all necessary upgrades and accommodations at Butler and Thomaston. Convert the Wesley substation from 115kV to 230kV.,185; 344,VERIFIED
19950,Georgia Transmission Corporation,GTC,Georgia,GTC: DRESDEN - TALBOT 500KV LINE,,DRESDEN,TALBOT,Talbot County,,500000,,2029-06-01,2025-06-01,75.0,75,GTC will build a new 500kV line from Talbot to Dresden (75 miles). This project will create a new Talbot 500/230kV substation with a 500/230kV auto transformers. The low side of the auto transformers will connect to the Talbot County #1 and #2 230kV buses.,185; 352,VERIFIED
20285,Georgia Power,GPC,Georgia,LOWER RIVER - WEBB (APC) 115KV RECONDUCTOR,,LOWER RIVER,WEBB (APC),WEBB,,115000,,2029-06-01,2025-06-01,0.97,0.97,Reconductor 0.97 miles of 100C 636 Grosbeak Lower River - Webb 115kV line with 200C 795 ACSS Drake conductor.,185; 356,VERIFIED
20586,Georgia Transmission Corporation,GTC,Georgia,GTC: NORTH DUBLIN 230/115KV TRANSFORMERS AND BUS-TIE BREAKER,,NORTH DUBLIN,,,,230000,115000,2028-12-01,2023-11-01,,,"Replace 230/115kV auto transformers A & B with (2) new 230/115kV, 400 MVA auto transformers. Replace 230kV bus tie breaker with a new 2000A breaker. Replace 115kV bus tie breaker with a new 2000A breaker.",185; 340,VERIFIED
20760,Georgia Transmission Corporation,GTC,Georgia,GTC: HOPEWELL 230/115 KV BANK A,,HOPEWELL,,,,230000,115000,2029-06-01,2028-06-01,,,Replace the Hopewell 230/115kV auto transformer with a 400 MVA auto transformer.,185; 353,VERIFIED
20849,Georgia Transmission Corporation,GTC,Georgia,GTC: CLIFTONDALE - LINE CREEK 230KV LINE,,CLIFTONDALE,LINE CREEK,,,230000,,2029-06-01,2026-06-01,11.6,11.6,An 11.6 mile 230kV line is being built form Cliftondale to Line Creek with 200C 1351 ACSS Martin.,185; 351,VERIFIED
21036,Georgia Power,GPC,Georgia,BUZZARD ROOST - FACTORY SHOALS 230KV NEW LINE,,BUZZARD ROOST,FACTORY SHOALS,,,230000,,2029-06-01,2026-06-01,2.0,2,A new 2 mile 230kV line is being built from Buzzard Roost to Factory Shoals with 200C 1351 ACSS Martin conductor.,185; 345,VERIFIED
21047,Georgia Power,GPC,Georgia,BROADWAY - ECHECONNEE 115 KV LINE REBUILD,,BROADWAY,ECHECONNEE,Griffin Rd,,115000,,2029-06-01,2025-01-01,,,Rebuild the Griffin Rd - Echeconnee line section of Broadway - Echeconnee line with 200C 1351 ACSS conductor.,185; 343,VERIFIED
21062,Georgia Power,GPC,Georgia,ASHLEY PARK-WANSLEY 500KV,,ASHLEY PARK,WANSLEY,,,500000,,2029-06-01,2024-12-01,35.0,35,"Construct a 500kV line from Ashley Park to Wansley, approximately 35 miles long.",185; 341,VERIFIED
21112,Georgia Transmission Corporation,GTC,Georgia,GTC: BARNESVILLE PRIMARY - THOMASTON 230KV,,BARNESVILLE PRIMARY,THOMASTON,,,230000,,2029-06-01,2027-06-01,13.24,13.24,Rebuild Barnesville Primary - Thomaston 230kV line (13.24 miles) with 100C 1351 ACSS; Replace 1200A switches at Barnesville Primary & Thomaston with 3000A switch; replace associated jumper at both stations.,185; 348,VERIFIED
21123,Georgia Transmission Corporation,GTC,Georgia,GTC: TENASKA - WANSLEY 500KV NEW LINE,,TENASKA,WANSLEY,,,500000,,2029-06-01,2024-12-01,5.0,5,Construct a 5 mile long 500kV line between Tenaska and Wansley. Make all necessary accommodations at the substations for the line termination.,185; 354,VERIFIED
21138,Georgia Power,GPC,Georgia,GLENWOOD SPRINGS - PORTERDALE PRIMARY 230KV LINE SWITCH REPL,,GLENWOOD SPRINGS,PORTERDALE PRIMARY,,,230000,,2029-06-01,2029-06-01,,,Replace the 600A line switch at Porterdale Primary on the Glenwood Springs - Porterdale Primary 230kV Line with 1200A switch.,185; 347,VERIFIED
21140,Georgia Transmission Corporation,GTC,Georgia,GTC: BONAIRE PRIMARY - EASTMAN PRIMARY 115 KV LINE REBUILD,,BONAIRE PRIMARY,EASTMAN PRIMARY,Roddy,,115000,,2029-06-01,2026-01-01,41.08,41.08,Rebuild 41.08 miles of the Bonaire Primary - Eastman Primary 115kV Line using 200C 1351ACSS Martin and upgrade the bus at Roddy substation.,185; 350,VERIFIED
21141,Georgia Power,GPC,Georgia,LLOYD SHOALS - PORTERDALE PRIMARY 115KV REBUILD,,LLOYD SHOALS,PORTERDALE PRIMARY,Jackson Lake,South. Covington Junction,115000,,2029-06-01,2026-03-01,15.8,15.8,Rebuild 15.8 miles of 50C 397.5 ACSR Ibis with 200C 1351 ACSS Martin from Jackson Lake to Lloyd Shoals and Jackson Lake to South. Covington Junction.,185; 355,VERIFIED
21142,Georgia Power,GPC,Georgia,CONYERS - KLONDIKE 230 KV SECOND LINE,,CONYERS,KLONDIKE,,,230000,,2029-06-01,2026-06-01,6.56,6.56,Build a new 6.56 mile line from Conyers to Klondike with 200C (2) 1351 ACSS Martin conductor. Build one new 230kV breaker terminal at Conyers and one new 230kV terminal at Klondike.,185; 346,VERIFIED
10478,Georgia Power,GPC,Georgia,CORNELIA - TALLULAH LODGE 115KV REBUILD,,CORNELIA,TALLULAH LODGE,Chase Road,Clarksville; Hollywood,115000,,2030-06-01,2027-06-01,9.7,9.7,Rebuild approximately 9.7 miles of the Cornelia - Chase Road - Clarksville - Hollywood segments of the Cornelia - Tallulah Lodge 115kV line with 200C 795 ACSS conductor.,186; 371,VERIFIED
11051,MEAG Power,MEAG,Georgia,MEAG: SLAPPEY DRIVE - WESTOVER 115KV LINE REBUILD,,SLAPPEY DRIVE,WESTOVER,Albany #9,,115000,,2029-06-01,2026-06-01,2.92,2.92,Rebuild 2.92 miles of 100C sagged 477 ACSR Hawk conductor from Slappey Drive to Albany #9 with 1351 ACSR.,186; 360,VERIFIED
13628,Georgia Power,GPC,Georgia,SOUTH BAINBRIDGE - SINAI (FPL) 115KV LINE RECONDUCTOR,,SOUTH BAINBRIDGE,SINAI (FPL),SINAI,Four Mile; Recovery,115000,,2029-06-01,2025-06-01,,9.8; 13.75,Rebuild the Four Mile tap - Recovery - Sinai (FPL) segment of the Sinai (FPL) - South Bainbridge 115kV line from 100C 336.4 ACSR to 200C 1351 ACSS. 9.8 miles in FPL and 13.75 miles in GPC At Recovery (GTC): Replace 100C 336.4 ACSR string bus with higher rating and jumpers with (1) 1590 AAC At Sinai (FPL): Replace 100C 336.4 ACSR string bus with higher rating,186; 365,VERIFIED
17706,MEAG Power,MEAG,Georgia,MEAG: AULTMAN ROAD - FORT VALLEY #1 115 KV REBUILD,,AULTMAN ROAD,FORT VALLEY,,,115000,,2029-06-01,2026-06-01,8.0,8,Rebuild approximately 8 miles of the Aultman Road - Fort Valley #1 115kV line with 200C 1351 ACSS conductor.,186; 359,VERIFIED
18669,Dalton Utilities,DU,Georgia,DU: DAWSON CROSSING - NELSON (WHITE) 115 KV REBUILD,,DAWSON CROSSING,NELSON (WHITE),Etowah,Reavis Mountain; NELSON,115000,,2030-06-01,2024-12-31,15.7,15.7,Rebuild approximately 15.7 miles of the Dawson Crossing - Etowah - Reavis Mountain - Nelson sections of the Dawson Crossing - Nelson (White) 115kV line with 1351 ACSS conductor. GPC will make any necessary relaying changes at Dawson Crossing.,186; 372,VERIFIED
19621,Georgia Power,GPC,Georgia,MCEVER ROAD - SHOAL CREEK 115KV REBUILD,,MCEVER ROAD,SHOAL CREEK,College Square,Lakeside WTP,115000,,2029-06-01,2024-12-31,,1; 2.05,"Rebuild the 636 ACSR (1 mile) of the McEver Road - College Square section, and 2 - 4/0 copper part (2.05 miles) of the College Square to Lakeside WTP B line section, part of the McEver Road - Shoal Creek 115kV line, using 200C 1351 ACSS conductor.",186; 357,VERIFIED
20248,Georgia Power,GPC,Georgia,BAY CREEK - CONYERS 230KV REBUILD,,BAY CREEK,CONYERS,,,230000,,2029-12-31,2031-06-01,15.29,15.29,"GPC will rebuild the Bay Creek - Conyers 230kV line, approximately 15.29 miles, using 200C 1351 ACSS ""Martin"" conductor.",186; 366,NEEDS_REVIEW
20346,Georgia Power,GPC,Georgia,MCMANUS - WEST BRUNSWICK 115KV REBUILD,,MCMANUS,WEST BRUNSWICK,,,115000,,2029-06-01,2026-01-01,5.7,5.7,"Rebuild the McManus - West Brunswick 115kV line, approximately 5.7 miles, with 200C 1351 ACSS Martin conductor.",186; 358,VERIFIED
20757,Georgia Power,GPC,Georgia,NORCROSS - NORTH DRUID HILLS 115KV REBUILD,,NORCROSS,NORTH DRUID HILLS,Norcross Junction,,115000,,2029-06-01,2025-01-01,3.9,3.9,"Rebuild the Norcross - Norcross Junction (674) segment, approximately 3.9 miles, from 100C 477 ACSR Hawk conductor to 200C 1351 ACSS ""Martin"" conductor.",186; 361,VERIFIED
20761,Georgia Power,GPC,Georgia,ATKINSON - NORTHWEST 115KV REBUILD,,ATKINSON,NORTHWEST,Tilford Yards,,115000,,2030-06-01,2027-06-01,1.2,1.2,Rebuild the 1.2 mile Atkinson - Tilford Yards section of the Atkinson - Northwest 115kV with 200C 1351 ACSS Martin.,186; 369,VERIFIED
20764,Georgia Power,GPC,Georgia,ATKINSON - NORTHSIDE DRIVE 115KV REBUILD,,ATKINSON,NORTHSIDE DRIVE,Chattahoochee,,115000,,2030-06-01,2027-06-01,3.2,3.2,"Rebuild a portion of the Atkinson - Northside 115kV line, approximately 3.2 miles from Atkinson to Chattahoochee with 200C 1351 ACSS Martin.",186; 368,VERIFIED
20989,Georgia Power,SAV,Georgia,SAV: RICE HOPE NEW AUTO TRANSFORMER,,RICE HOPE,Crossgate,McIntosh,,230000,115000,2029-06-01,2025-06-01,,,Install a new 230/115kV 400MVA auto transformer at Rice Hope and loop in the Crossgate - McIntosh 230kV line.,186; 364,VERIFIED
21006,Georgia Power,SAV,Georgia,SAV: BOULEVARD - MAGNOLIA 115 KV LINE REBUILD,,BOULEVARD,MAGNOLIA,,,115000,,2029-06-01,2027-01-01,4.56,4.56,Rebuild the entire line from Boulevard to Magnolia (4.56 miles) from 100C 795 ACSR Drake to 200C 1351 ACSS Martin,186; 362,VERIFIED
21023,Georgia Power,SAV,Georgia,SAV: DEAN FOREST - LITTLE OGEECHEE 230 KV REBUILD,,DEAN FOREST,LITTLE OGEECHEE,Salt Creek,,230000,,2029-06-01,2026-01-01,8.0,8,"Rebuild the entire line from Little Ogeechee - Salt Creek and Salt Creek - Dean Forest, approximately 8 miles, using 200C 1351 ACSS/Martin. Upgrade jumpers at the Little Ogeechee terminal.",186; 363,VERIFIED
21097,Georgia Power,GPC,Georgia,EAST POINT - TRIBUTARY 230KV REBUILD,,EAST POINT,TRIBUTARY,Cavender Drive,Marietta 25,230000,,2030-06-01,2027-06-01,2.9,2.9,Rebuild the 2.9 mile section from Cavender Drive to Marietta 25 with 200C 1351 ACSS conductor on the East Point - Tributary 230kV line.,186; 373,VERIFIED
21129,Georgia Power,GPC,Georgia,ANNISTON - HAMMOND 230KV LINE,,ANNISTON,HAMMOND,Goshen,,230000,,2030-06-01,2025-06-01,28.12,28.12,Rebuild the 28.12 miles section between Hammond and the Goshen tap with 200C 1351 ACSS Martin conductor.,186; 367,VERIFIED
21130,Georgia Power,GPC,Georgia,CC - NORTH GEORGIA DATA NETWORK UPGRADES,,NORTH GEORGIA,Gillsville,Midway,North Jackson; Lawrence Smith; East Maysville; Pond Fork,115000,46000,2030-06-01,2026-06-01,7.0,7,Construct approximately 7 miles of 115kV line with minimum 170C 1351 ACSS conductor from Gillsville Tap Junction to Midway. Utilize the existing GPC owned North Jackson - Lawrence Smith 46kV ROW that is to be retired. Disconnect the East Maysville 115kV tap at Midway 115kV and terminate the new Pond Fork - Midway 115kV line.,186; 370,VERIFIED
12120,Georgia Power,GPC,Georgia,GAINESVILLE #2 - MCEVER ROAD 115 KV REBUILD,,GAINESVILLE,MCEVER ROAD,GAINESVILLE #2,McEver Rd,115000,,2030-06-01,2025-12-31,5.3,5.3,Rebuild approximately 5.3 miles of the Gainesville #2 - McEver Rd 115kV line with 200C 1351 ACSS conductor.,187; 377,VERIFIED
19627,Georgia Power,GPC,Georgia,ECHECONNEE-WELLSTON 115KV LINE REBUILD,,ECHECONNEE,WELLSTON,North Warner Robins,,115000,,2030-06-01,2023-06-01,11.8,11.8,Rebuild approximately 11.8 miles of the Echeconnee - Wellston 115kV line with 200C 1351 ACSS conductor and the limiting elements along the line with higher ratings. Replace the Bus at North Warner Robins with 1590 AAC.,187; 375,VERIFIED
19996,Georgia Power,GPC,Georgia,GOLDENS CREEK - WARRENTON PRIMARY 230KV REBUILD,,GOLDENS CREEK,WARRENTON PRIMARY,,,230000,,2030-06-01,2028-06-01,0.34,0.34,Rebuild approximately 0.34 miles of the Goldens Creek - Warrenton Primary 230kV line from 100C 1 - 1351.5 ACSR Martin conductor to 200C 1351 ACCR Martin conductor or equivalent.,187; 380,VERIFIED
20298,Georgia Power,GPC,Georgia,GLENWOOD SPRINGS - LAKE OCONEE 115KV LINE REBUILD,,GLENWOOD SPRINGS,LAKE OCONEE,North Eatonton,Putnam Sawmill; North Eatonton Junction; Putnam Sawmill Junction,115000,,2030-06-01,2027-06-01,,,Rebuild the North Eatonton Junction - Putnam Sawmill Junction line with 200C 1351 ACSS conductor.,187; 378,VERIFIED
20375,Georgia Transmission Corporation,GTC,Georgia,GTC: EAST WATKINSVILLE 230 KV STATION MODIFICATION,,EAST WATKINSVILLE,Russell Dam,,,230000,,2030-06-01,2028-06-01,,,Replace the 1600A reactors at East Watkinsville on the Russell Dam 230kV line with larger size.,187; 386,VERIFIED
20428,Georgia Power,GPC,Georgia,GORDON-SANDERSVILLE #1 115KV LINE REBUILD (DEEPSTEP-SAND #6),,GORDON,SANDERSVILLE,DEEPSTEP,Robins Spring; Kaolin J,115000,,2030-06-01,2023-12-01,,7.6; 2.23; 0.66; 10.49,"Rebuild the Deepstep - Robins Spring (7.6 miles) Robins Spring - Kaolin J (2.23mi), and Kaolin J - Sandersville #6 (0.66 miles) line sections of the Gordon - Sandersville #1 115kV line. Rebuild a total of 10.49 miles from 100C 336 ACSR to 100C ACSR 795 conductor.",187; 381,VERIFIED
20480,Georgia Power,GPC,Georgia,EAST POINT - UNION CITY 230KV BLACK LINE RECONDUCTOR,,EAST POINT,UNION CITY,Flat Shoals Road,Stonewall Tell,230000,,2030-06-01,2028-06-01,1.5,1.5,Reconductor the 1.5 mile section from Flat Shoals Road station to the Stonewall Tell loop - in point on the East Point - Union City 230kV Black line with 200C 1351 ACSS Martin conductor. Replace limiting elements at Union City,187; 374,VERIFIED
21013,Georgia Transmission Corporation,GTC,Georgia,GTC: CAVENDER DRIVE 500/230KV AUTOBANK,,CAVENDER DRIVE,Villa Rica,Union City,,500000,230000,2030-06-01,2026-06-01,,,"GTC will turn Cavender Drive into a 500/230kV station looping in the Villa Rica - Union City 500kV line, installing a 2016 MVA auto transformer.",187; 385,VERIFIED
21014,Georgia Transmission Corporation,GTC,Georgia,GTC: BUZZARD ROOST - CAVENDER DRIVE 230KV NEW LINE,,BUZZARD ROOST,CAVENDER DRIVE,,,230000,,2030-06-01,2026-06-01,7.0,7,GTC is building a new 7 mile 230kV line from Cavender Drive to Buzzard Roost with 200C 1351 ACSS Martin.,187; 384,VERIFIED
21063,Georgia Power,GPC,Georgia,FARLEY (APC)-TAZEWELL 500KV,,FARLEY (APC),TAZEWELL,Blacksmith,Talbot,500000,,2030-06-01,2024-12-01,120.0,120,"Construct a new 500kV line from Farley (APC) to Tazewell substation, approximately 120 miles long. Construct a 5 breaker 500kV ring bus to loop in the Blacksmith - Talbot 500kV line, terminate the new Farley - Tazewell 500kV and Talbot #2 - Tazewell 500kV lines. Install a 500/230kV auto transformer to connect to the existing 230kV switchyard.",187; 376,VERIFIED
21073,Georgia Transmission Corporation,GTC,Georgia,GTC: BIG SMARR - TOMOCHICHI 500KV,,BIG SMARR,TOMOCHICHI,,,500000,,2030-06-01,2024-12-01,36.0,36,"Construct a 500kV line from Big Smarr to Tomochichi, approximately 36 miles long. Make the necessary modifications at Big Smarr and Tomochichi to add breakers and terminate the line.",187; 383,VERIFIED
21111,Georgia Transmission Corporation,GTC,Georgia,GTC: HARTWELL DAM - HARTWELL ENERGY 230KV SERIES REACTORS,,HARTWELL DAM,HARTWELL ENERGY,,,230000,,2030-06-01,2027-06-01,,,GTC: Replace the 1600A series reactors on the Hartwell Dam - Hartwell Energy 230kV line with 3000A.,187; 228,VERIFIED
21113,Georgia Transmission Corporation,GTC,Georgia,GTC: HARTWELL ENERGY - MIDDLE FORK 230KV LINE,,HARTWELL ENERGY,MIDDLE FORK,,,230000,,2030-06-01,2027-06-01,35.0,35,"Construct a new 230kV line, approx. 35 miles, from Hartwell Energy to Middle Fork with 200C (2) 1351 ACSS conductor. GTC: Expand Hartwell Energy 230kV and Middle Fork 230kV as necessary to install breakers to accept new line termination.",187; 229,VERIFIED
21116,Georgia Power,GPC,Georgia,GOSHEN AREA STRATEGIC SOLUTION,,GOSHEN,Waynesboro,Wilson,Vogtle,230000,,2030-06-01,2025-06-01,12.3,12.3,"Construct a 230kV switching station on the Waynesboro - Wilson 230kV line and a new 230kV line between the switching station and Goshen, approximately 12.3 miles. Provides an alternate power flow path into Goshen outside of the existing constrained Goshen - Vogtle corridor.",187; 382,VERIFIED
21128,Georgia Power,GPC,Georgia,GOAT ROCK REACTORS INSTALLATION,,GOAT ROCK,Fortson,,,230000,,2030-06-01,2028-06-01,,,Install 1% series reactors on the Fortson - Goat Rock (Black) 230kV and Fortson - Goat Rock (White) 230kV.,187; 379,VERIFIED
21131,Georgia Transmission Corporation,GTC,Georgia,GTC: POND FORK - MIDWAY 115KV LINE,,POND FORK,MIDWAY,Gillsville,North Jackson; Lawrence Smith,115000,,2030-06-01,2026-06-01,6.0,6,"GTC: Construct approximately 6 miles of 115kV line with minimum 170C 1351 ACSS conductor from Gillsville Tap Junction to Pond Fork, utilizing the existing GTC owned portion of the North Jackson - Lawrence Smith 46kV ROW. At Pond Fork, install a second 230/115kV 400MVA auto transformer and terminate the Pond Fork - Midway 115kV line.",187; 387,VERIFIED
10811,Georgia Power,GPC,Georgia,BOWEN #10 500/230KV AUTOBANK REPLACEMENT,,BOWEN,,,,500000,230000,2031-06-01,2025-06-01,,,Replace the existing Bowen #10 1350 MVA 500/230kV auto transformer with a 2016 MVA 500/230kV auto transformer.,188; 403,VERIFIED
18848,Georgia Power,GPC,Georgia,"BAINBRIDGE TRANSMISSION: EAST RIVER ROAD, EAST BAINBRIDGE",,BAINBRIDGE,EAST RIVER ROAD,EAST BAINBRIDGE,,115000,,2030-12-31,2023-06-01,,,"This project will construct a new 115kV breaker and a half substation a mile north of the East Bainbridge substation. East Bainbridge will be simplified to a 115kV straight bus with two transmission lines for service to load, a generation interconnection point and a capacitor bank.",188; 399,VERIFIED
19626,Georgia Power,GPC,Georgia,GLENWOOD SPRINGS 115KV CAP BANK,,GLENWOOD SPRINGS,,,,115000,,2030-12-31,2028-01-01,,,Install a 115kV two stage 30MVAR capacitor bank at Glenwood Springs substation.,188; 400,VERIFIED
19632,Georgia Power,GPC,Georgia,AVERY - HOPEWELL 115KV RECONDUCTOR,,AVERY,HOPEWELL,Birmingham,,115000,,2031-06-01,2028-01-01,3.3,3.3,Reconductor the Hopewell to Birmingham line section (approximately 3.3 miles) on the Avery - Hopewell 115kV line with 100C 1033 ACSR conductor. Replace jumper at Birmingham with 1590 AAC jumper.,188; 402,VERIFIED
19995,Georgia Power,GPC,Georgia,TALLULAH LODGE - TOCCOA 115 KV REBUILD,,TALLULAH LODGE,TOCCOA,,,115000,,2030-06-01,2025-12-31,10.3,10.3,Rebuild the Tallulah Lodge - Toccoa 115kV Line with 100C 795 ACSR conductor (total of 10.3 miles). Replace limiting elements at Tallulah Lodge and Toccoa.,188; 396,VERIFIED
20160,Georgia Power,GPC,Georgia,THOMASTON 230 NEW BUILD SUB,,THOMASTON,,,,230000,115000,2030-11-01,2026-01-01,,,Replace Thomaston 230/115kV 285MVA auto transformers C and D with 400MVA auto transformers. Install high side breakers to meet the 230kV bus differential standards and redesign 230kV bus to a breaker and a half configuration.,188; 398,VERIFIED
20284,Georgia Power,GPC,Georgia,KETTLE CREEK PRIMARY - PINE GROVE PRIMARY 115KV REBUILD,,KETTLE CREEK PRIMARY,PINE GROVE PRIMARY,PINE GROVE,Pearson,115000,,2030-06-01,2026-06-02,38.04,38.04,Rebuild approximately 38.04 miles of 50C 4/0 ACSR conductor from the Pine Grove to the Pearson tap using 200C 1351 ACSS conductor.,188; 392,VERIFIED
20690,Georgia Power,GPC,Georgia,EAST POINT - UNION CITY (WHITE) 230KV REBUILD,,EAST POINT,UNION CITY (WHITE),UNION CITY,Welcome All,230000,,2031-05-01,2028-06-01,5.49,5.49,Rebuild 5.49 miles of 100C 1590.0 ACSR Lapwing with 200C 1351.5 ACSS Martin 230kV line from Welcome All to Union City on the East Point - Union City 230kV line.,188; 401,VERIFIED
20756,Georgia Power,GPC,Georgia,HATCH - WADLEY 500 KV LINE STRATEGIC PROJECT,,HATCH,WADLEY,Wadley Primary,,500000,,2031-06-01,2024-07-03,,,Construct a new 500kV line from Hatch - Wadley Primary.,188; 404,VERIFIED
20789,Georgia Power,GPC,Georgia,JEFFERSON ROAD - WINDER PRIMARY 115KV REBUILD,,JEFFERSON ROAD,WINDER PRIMARY,Russell,Richardson Street Junction,115000,,2030-06-01,2025-06-01,11.0,11,Rebuild approximately 11 miles of the Jefferson Road - Russell - Richardson Street Junction segments of the Jefferson Road - Winder Primary 115kV line with 200C 1351 ACSS Martin conductor.,188; 391,VERIFIED
20857,Georgia Power,GPC,Georgia,NEW CAVENDER DRIVE - TRIBUTARY 230KV LINE,,NEW CAVENDER DRIVE,TRIBUTARY,CAVENDER DRIVE,,230000,,2030-06-01,2026-06-01,4.0,4,Build a new 4 mile 230kV line from Cavender Drive to Tributary with 200C 1351 ACSS Martin.,188; 394,VERIFIED
21076,Georgia Transmission Corporation,GTC,Georgia,GTC: TALLBOT #2 - TAZEWELL 500KV LINE,,TALLBOT,TAZEWELL,TALLBOT #2,TALBOT #2,500000,,2030-06-01,2024-12-01,20.0,20,"Build a new 500kV line from Tazewell to Talbot #2, approximately 20 miles. Make all necessary accommodations at Tazewell and Talbot #2 for the new 500kV breakers and line termination.",188; 389,NEEDS_REVIEW
21077,Georgia Transmission Corporation,GTC,Georgia,GTC: ROCKVILLE - TIGER CREEK -WARTHEN 500KV LINES,,ROCKVILLE,TIGER CREEK,WARTHEN,,500000,,2030-06-01,2024-12-01,,20; 9,"Build the new 500kV line from Rockville to Tiger Creek and Tiger Creek to Warthen, approximately 20 miles and 9 miles long respectively. Build a 500kV yard at Tiger Creek and install a 500/230kV auto transformer. Make all necessary accommodations at Warthen and Rockville for the new 500kV breakers.",188; 388,VERIFIED
21093,Georgia Power,GPC,Georgia,NORTH SPA 230KV STRATEGIC PROJECT,,NORTH SPA,Oasis,East Social Circle,Cornish Mountain; Rockville,230000,,2030-06-01,2025-01-01,,,This project includes the following scope of work: Build a new 230kV switching station north of Oasis in a ring bus configuration with 4 - breakers. Loop in the East Social Circle - Oasis (White) 230kV line. Build a new 230kV line to Cornish Mountain from North Spa. New 230kV line from Rockville 230kV will terminate in this station.,188; 395,VERIFIED
21094,Georgia Transmission Corporation,GTC,Georgia,GTC: TIGER CREEK- ROCKVILLE-NORTH SPA 230KV PROJECT,,TIGER CREEK,ROCKVILLE,NORTH SPA,Eatonton Primary #2; Wallace Dam,230000,,2030-06-01,2025-01-01,,,Build a new 4 - breaker 230kV ring bus at Rockville substation (no auto transformer to be added at this time). Loop in the Eatonton Primary #2 - Wallace Dam 230kV line. Build a new line 230kV line to Tiger Creek. Build a new 230kV line to North Spa.,188; 390,VERIFIED
21098,Georgia Power,GPC,Georgia,TRIBUTARY - THORNTON RD 230KV REBUILD,,TRIBUTARY,THORNTON RD,Thornton Road,,230000,,2030-06-01,2027-06-01,2.8,2.8,Rebuild the 2.8 mile Tributary - Thornton Road 230kV line with 200C 1351 ACSS Martin.,188; 397,VERIFIED
21118,MEAG Power,MEAG,Georgia,MEAG: ATHENA - WARRENTON 230KV CONVERSION,,ATHENA,WARRENTON,Union Point,Ray Place Road; Warrenton Primary; Union Point Primary,230000,,2030-06-01,2025-06-01,,,"Reconductor/rebuild and convert the 115kV lines from Athena - Union Point - Ray Place Road - Warrenton Primary to 230kV operation. Expand Athena 230kV bus for new line termination, construct 230kV bus at Union Point, and expand 230kV bus at Warrenton Primary for new line termination. Install 230/115kV auto transformers at Union Point Primary and Ray Place Road. Replace limiting network equipment at substations along the line.",188; 393,VERIFIED
09661,Georgia Power,GPC,Georgia,MCGRAU FORD - MIDDLE FORK 500KV LINE PROJECT,,MCGRAU FORD,MIDDLE FORK,,,500000,,2033-06-01,2026-06-01,64.0,64,Construct a new approximately 64 mile 500kV line from McGrau Ford to Middle Fork.,189; 418,VERIFIED
12147,Georgia Transmission Corporation,GTC,Georgia,GTC: EAST SOCIAL CIRCLE - SNELLVILLE 230KV EQUIPMENT UPGRADE,,EAST SOCIAL CIRCLE,SNELLVILLE,Snellville Primary,,230000,,2033-06-01,2030-06-01,,,"Replace the 1200A switches at Snellville Primary with 3000A. Also, replace the 1200A line trap and switches at East Social Circle with 3000A on the East Social Circle - Snellville 230kV line.",189; 414,VERIFIED
12217,Georgia Transmission Corporation,GTC,Georgia,GTC: CENTER PRIMARY - CLARKSBORO 230 KV REBUILD,,CENTER PRIMARY,CLARKSBORO,Clarksboro Primary,,230000,,2033-06-01,2028-06-01,8.3,8.3,GTC to rebuild the Center Primary - Clarksboro Primary 230kV line (approx. 8.3 miles) with 200C 1351 ACSS conductor.,189; 412,VERIFIED
14222,Georgia Power,GPC,Georgia,THOMSON PRIMARY 230/115KV SECOND TRANSFORMER,,THOMSON PRIMARY,,,,230000,115000,2033-06-01,2025-08-01,,,"Install a second 400 MVA, 230/115kV auto transformer at Thomson Primary substation.",189; 420,VERIFIED
20758,Georgia Power,GPC,Georgia,BAY CREEK - CONYERS 230KV LIMITING ELEMENT REPLACEMENT,,BAY CREEK,CONYERS,Rockdale,,230000,,2033-06-01,2031-06-01,,,"Replace equipment such as jumpers, switches, and traps at the Bay Creek, Rockdale, and Conyers substations with equipment capable of carrying 3000A.",189; 409,VERIFIED
20767,Georgia Power,GPC,Georgia,ARKWRIGHT BUS AND JUMPER REPLACEMENT,,ARKWRIGHT,Forrest Rd (Macon),,,115000,,2033-06-01,2029-06-01,,,Replace the 115kV bus at Arkwright with higher rating and replace the jumper on the Arkwright - Forrest Rd (Macon) 115kV line with at least 1590AAC.,189; 408,VERIFIED
20773,Georgia Transmission Corporation,GTC,Georgia,GTC: CLARKSBORO - WINDER PRIMARY 230KV REBUILD,,CLARKSBORO,WINDER PRIMARY,WINDER,,230000,,2033-06-01,2029-06-01,14.0,14,Rebuild approximately 14 miles of the Clarksboro - Winder 230kV line with 200C 1351 ACSS conductor.,189; 413,VERIFIED
20784,Georgia Power,SAV,Georgia,SAV: COLEMAN - MELDRIM 115KV LINE REBUILD,,COLEMAN,MELDRIM,Four Lakes,,115000,,2032-06-01,2029-06-01,3.0,3,Rebuild 3 miles of the Coleman - Meldrim 115kV line from Four Lakes to Meldrim with 200C 1351 ACSS.,189; 407,VERIFIED
20791,Georgia Transmission Corporation,GTC,Georgia,GTC: SHOAL CREEK - SOUTH HALL 230KV REBUILD,,SHOAL CREEK,SOUTH HALL,Chestnut Mountain,Spout Springs Road,230000,,2033-06-01,2029-06-01,7.9,7.9,"Rebuild approximately 7.9 miles of South Hall - Chestnut Mountain - Spout Springs Road segments of the Shoal Creek - South Hall 230kV line with 200C 1351 ACSS conductor. Also, replace 1 - AAC 1590 jumpers at South Hall with 2 - AAC 1590.",189; 416,VERIFIED
20793,Georgia Power,GPC,Georgia,EVANS PRIMARY - THURMOND DAM (USA) #5 115KV REBUILD,,EVANS PRIMARY,THURMOND DAM,Euchee Creek,,115000,,2033-06-01,2029-06-01,5.45,5.45,Rebuild approximately 5.45 miles of Euchee Creek - Thurmond Dam segment of the Evans Primary - Thurmond Dam (USA) #5 115kV line with 200C 1351 ACSS Martin conductor. Replace the main bus with a larger element at Thurmond Dam (USA).,189; 410,VERIFIED
20794,Georgia Power,GPC,Georgia,EVANS PRIMARY - THURMOND DAM (USA) #6 115KV REBUILD,,EVANS PRIMARY,THURMOND DAM,,,115000,,2033-06-01,2030-06-01,8.9,8.9,Rebuild approximately 8.9 miles of the Evans Primary - Thurmond Dam (USA) #6 115kV line with 200C 1351 ACSS Martin conductor. Replace the main bus with a larger element at Thurmond Dam (USA).,189; 411,VERIFIED
20796,Georgia Power,SAV,Georgia,SAV: MELDRIM BANK D REPLACEMENT,,MELDRIM,,,,230000,115000,2033-06-01,2030-06-01,,,Replace 300 MVA 230/115kV Bank D with 400 MVA Bank.,189; 419,VERIFIED
21053,Georgia Power,GPC,Georgia,MCEVER ROAD - SHOAL CREEK 115KV REBUILD PHASE III,,MCEVER ROAD,SHOAL CREEK,Gainesville Ferry,Lakeside WTP,115000,,2033-06-01,2030-06-01,2.9,2.9,"Rebuild the 2 - 4/0 copper part (approximately 2.9 miles) of the Gainesville Ferry - Lakeside WTP A line section, part of the McEver Road - Shoal Creek 115kV line, using 200C 1351 ACSS conductor.",189; 417,NEEDS_REVIEW
21075,Georgia Transmission Corporation,GTC,Georgia,GTC: EAST WALTON - MIDDLE FORK 500KV,,EAST WALTON,MIDDLE FORK,,,500000,,2033-06-01,2024-12-01,45.0,45,"Construct a new 500kV line from East Walton to Middle Fork, approximately 45 miles long. Make all necessary accommodations for new 500kV breakers at East Walton and Middle Fork substations.",189; 415,VERIFIED
21099,MEAG Power,MEAG,Georgia,MEAG: PIO NONO 230/115KV AREA SOLUTION,,PIO NONO,Dorsett,South Griffin,Big Grocery; Broadway,230000,115000,2031-06-01,2025-01-01,,,"Build a 4 - breaker 230kV ring bus to terminate lines from Dorsett, South Griffin, and Big Grocery. Install a 400MVA auto transformer and build a 115kV yard to terminate a line from Broadway. Make all necessary modifications to accommodate all the 230kV and 115kV lines terminations.",189; 405,VERIFIED
21114,MEAG Power,MEAG,Georgia,MEAG: SOUTH GRIFFIN 230/115KV BANK #5,,SOUTH GRIFFIN,,,,230000,115000,2032-06-01,2030-06-01,,,Replace 230/115kV 285MVA auto transformer #5 with 230/115kV 400MVA auto transformer at South Griffin.,189; 406,VERIFIED
10487,Georgia Power,GPC,Georgia,PINE GROVE PRIMARY - WEST VALDOSTA 115 KV RECONDUCTOR,,PINE GROVE PRIMARY,WEST VALDOSTA,Bemis,,115000,,2033-12-31,2029-12-31,3.7,3.7,Rebuild 3.7 miles of 100C 4/0 ACSR conductor with 200C 795 ACSS Drake on the Bemis - Pine Grove Primary section of the Pine Grove Primary - West Valdosta 115kV line.,190; 422,VERIFIED
17993,Georgia Power,GPC,Georgia,EVANS PRIMARY - THOMSON PRIMARY 115KV REBUILD,,EVANS PRIMARY,THOMSON PRIMARY,Pumpkin Center,,115000,,2034-12-31,2031-01-01,5.28,5.28,"Rebuild the existing 100C 336 ACSR conductor for the Thomson Primary to Pumpkin Center 115kV line section (approximately 5.28 miles), part of the Evans Primary - Thomson Primary 115kV line with 200C 1351 ACSS Martin conductor.",190; 425,VERIFIED
18700,Georgia Power,GPC,Georgia,DAWSON CROSSING - GAINESVILLE #1 115 KV,,DAWSON CROSSING,GAINESVILLE,GAINESVILLE #1,,115000,,2034-06-01,2032-06-01,,,"Replace the 500CU main bus at Gainesville #1 115kV with 3"" Sch 40 AL Tube.",190; 423,VERIFIED
20759,Georgia Power,GPC,Georgia,WINDER PRIMARY 230KV BUS 1-2 PARALLEL BUS-TIE INSTALLATION,,WINDER PRIMARY,,,,230000,,2033-06-01,2031-06-01,,,Install a 2nd 230kV bus - tie breaker at the Winder Primary Station.,190; 421,VERIFIED
20787,Georgia Power,SAV,Georgia,SAV: LITTLE OGEECHEE 230/115KV BANK REPLACEMENT,,LITTLE OGEECHEE,,,,230000,115000,2034-06-01,2030-06-01,,,Replace SATX 280MVA auto transformer with 400MVA auto transformer.,190; 424,VERIFIED
