project_id,field,value,quote,page,reason
19523,in_service_date,2025-04-25,04/25/2025,231,page 177 says '2025-01-01' but page 231 says '2025-04-25'; keeping page 177
20684,in_service_date,2025-06-30,06/30/2025,248,page 178 says '2025-06-01' but page 248 says '2025-06-30'; keeping page 178
17900,in_service_date,2026-06-01,06/01/2026,279,page 180 says '2026-04-01' but page 279 says '2026-06-01'; keeping page 180
18832,project_name,MEAG: FORTSON SUBSTATION MODERNIZATION,MEAG: FORTSON SUBSTATION MODERNIZATION,223,page 181 says 'MEAG: FORTSON 230KV SUBSTATION MODERNIZATION' but page 223 says 'MEAG: FORTSON SUBSTATION MODERNIZATION'; keeping page 181
20781,project_name,CC - SUMMER LAKE - VILLA RICA 230KV REBUILD (CC IMPROVEMENT),CC - SUMMER LAKE - VILLA RICA 230KV REBUILD (CC IMPROVEMENT),294,page 182 says 'CC - SUMMER LAKE - VILLA RICA 230KV REBUILD (CC IMPROVMNT)' but page 294 says 'CC - SUMMER LAKE - VILLA RICA 230KV REBUILD (CC IMPROVEMENT)'; keeping page 182
20248,start_date,2031-06-01,06/01/2031,366,starts after its in-service date 2029-12-31
21076,project_name,GTC: TALBOT #2 - TAZEWELL 500KV LINE,GTC: TALBOT #2 - TAZEWELL 500KV LINE,389,page 188 says 'GTC: TALLBOT #2 - TAZEWELL 500KV LINE' but page 389 says 'GTC: TALBOT #2 - TAZEWELL 500KV LINE'; keeping page 188
21053,project_name,MCEVER ROAD - SHOAL CREEK 115KV REBUILD,MCEVER ROAD - SHOAL CREEK 115KV REBUILD,417,page 189 says 'MCEVER ROAD - SHOAL CREEK 115KV REBUILD PHASE III' but page 417 says 'MCEVER ROAD - SHOAL CREEK 115KV REBUILD'; keeping page 189
,page,,,302,"labelled project_detail, but no project was read from it"
